registration_date,nationality_e,gender_e,vechile_type,manufacture_year,color,business_individual,km_driven,next_service_date,service_frequency,customer_age,customer_id,vehicle_age,churn_risk,upgrade_probability,churn_risk_predicted,upgrade_probability_predicted
03/09/2017,Afghanistan,MALE,Light Vehicle,2006,Silver,Private,160000,02/03/2026 12:00,low,39,1,19,1,1,0.27,1
16/09/2021,Afghanistan,MALE,Light Vehicle,2020,White,Private,80000,16/03/2026 12:00,medium,36,2,5,1,0,0.63,0.02
19/02/2020,Albania,MALE,Light Vehicle,2009,Blue,Private,100000,18/08/2025 12:00,low,34,3,16,1,1,0.59,1
17/03/2019,Algeria,MALE,Light Vehicle,2018,Black,Private,120000,13/09/2025 12:00,medium,40,4,7,0,0,0.37,0.6
06/02/2016,Algeria,MALE,Light Vehicle,2014,White,Private,180000,04/08/2025 12:00,high,33,5,11,0,1,0.22,1
06/02/2016,Armenia,MALE,Light Vehicle,2009,Silver,Private,180000,04/08/2025 12:00,low,38,6,16,1,1,0.18,1
10/06/2015,Australia,FEMALE,Light Vehicle,1968,Red,Private,200000,06/12/2025 12:00,high,45,7,57,0,1,0.24,1
25/01/2021,Australia,MALE,Light Vehicle,2018,White,Private,80000,25/07/2025 12:00,medium,43,8,7,1,0,0.64,0.14
24/03/2019,Azerbaijan,MALE,Light Vehicle,2000,Silver,Private,120000,20/09/2025 12:00,low,28,9,25,1,1,0.51,1
20/12/2019,Bangladesh,FEMALE,Light Vehicle,2011,Silver,Private,120000,18/06/2026 12:00,low,34,10,14,1,1,0.4,1
27/02/2015,Bangladesh,MALE,Light Vehicle,2007,Black,Private,200000,25/08/2025 12:00,medium,47,11,18,0,1,0.09,1
06/11/2021,Bangladesh,MALE,Light Vehicle,2010,Brown,Private,80000,06/05/2026 12:00,medium,47,12,15,1,1,0.59,1
16/11/2020,Bangladesh,MALE,Light Vehicle,2003,Maroon,Private,100000,16/05/2026 12:00,medium,46,13,22,0,1,0.5,1
11/07/2016,Bangladesh,MALE,Light Vehicle,2001,Silver,Private,180000,07/01/2026 12:00,high,42,14,24,0,1,0.23,1
18/04/2016,Bangladesh,MALE,Light Vehicle,2008,White,Private,180000,15/10/2025 12:00,medium,31,15,17,0,1,0.12,1
22/04/2016,Bangladesh,MALE,Light Vehicle,2013,Silver,Private,180000,19/10/2025 12:00,medium,27,16,12,0,1,0.11,1
20/02/2017,Belarus,FEMALE,Light Vehicle,2017,Blue,Private,160000,19/08/2025 12:00,medium,37,17,8,0,1,0.19,0.98
24/09/2018,Belgium,FEMALE,Light Vehicle,2020,Gray,Private,140000,23/03/2026 12:00,medium,39,18,5,0,0,0.26,0.64
10/01/2018,Bulgaria,FEMALE,Light Vehicle,2009,Blue,Private,140000,09/07/2025 12:00,medium,30,19,16,0,1,0.26,1
15/01/2017,Burundi,MALE,Light Vehicle,2013,Maroon,Private,160000,14/07/2025 12:00,high,46,20,12,0,1,0.35,1
23/04/2019,Canada,MALE,Light Vehicle,2021,Black,Private,120000,20/10/2025 12:00,medium,61,21,4,0,0,0.42,0.11
25/12/2015,Canada,MALE,Light Vehicle,2013,Red,Private,200000,22/06/2026 12:00,high,57,22,12,0,1,0.18,1
18/01/2017,China,FEMALE,Light Vehicle,2020,White,Private,160000,17/07/2025 12:00,medium,63,23,5,0,1,0.22,0.78
12/08/2017,China,FEMALE,Light Vehicle,2015,White,Private,160000,08/02/2026 12:00,medium,39,24,10,0,1,0.18,1
18/03/2018,China,MALE,Light Vehicle,2012,White,Private,140000,14/09/2025 12:00,low,43,25,13,1,1,0.34,1
15/07/2020,China,MALE,Light Vehicle,2015,Gray,Private,100000,12/01/2026 12:00,medium,40,26,10,0,1,0.37,0.95
06/06/2016,China,MALE,Light Vehicle,2014,Yellow,Private,180000,03/12/2025 12:00,high,39,27,11,0,1,0.28,1
26/08/2018,China,MALE,Light Vehicle,2017,Black,Private,140000,22/02/2026 12:00,high,37,28,8,0,1,0.41,0.98
28/02/2019,China,MALE,Light Vehicle,2012,Lead,Private,120000,27/08/2025 12:00,medium,35,29,13,0,1,0.34,1
09/05/2015,China,MALE,Light Vehicle,2019,Gray,Private,200000,04/11/2025 12:00,medium,32,30,6,0,1,0.06,0.99
11/04/2019,China,MALE,Light Vehicle,2016,Gray,Private,120000,08/10/2025 12:00,high,31,31,9,0,1,0.51,0.95
17/03/2016,China,MALE,Light Vehicle,2020,Orange,Private,180000,13/09/2025 12:00,high,31,32,5,0,1,0.18,0.96
30/06/2015,China,MALE,Light Vehicle,2011,Black,Private,200000,26/12/2025 12:00,medium,29,33,14,0,1,0.07,1
11/09/2021,Comoros,MALE,Light Vehicle,2007,Silver,Private,80000,11/03/2026 12:00,high,51,34,18,1,1,0.79,1
28/10/2021,Egypt,FEMALE,Light Vehicle,2014,Black,Private,80000,27/04/2026 12:00,low,41,35,11,1,1,0.69,0.9
18/09/2020,Egypt,FEMALE,Light Vehicle,2021,White,Private,100000,18/03/2026 12:00,medium,39,36,4,0,0,0.47,0.03
21/02/2017,Egypt,FEMALE,Light Vehicle,2011,White,Private,160000,20/08/2025 12:00,high,36,37,14,0,1,0.25,1
28/09/2015,Egypt,FEMALE,Light Vehicle,2015,Blue,Private,200000,26/03/2026 12:00,high,33,38,10,0,1,0.14,1
06/11/2019,Egypt,MALE,Light Vehicle,2015,White,Private,120000,05/05/2026 12:00,low,71,39,10,1,1,0.46,0.94
01/02/2018,Egypt,MALE,Motor Cycle,2018,White,Private,140000,31/07/2025 12:00,medium,59,40,7,0,0,0.43,0.87
23/11/2015,Egypt,MALE,Trailer,2020,Beige,Private,200000,21/05/2026 12:00,medium,56,41,5,0,1,0.2,0.99
04/07/2018,Egypt,MALE,Light Vehicle,2015,Green,Private,140000,31/12/2025 12:00,low,54,42,10,1,1,0.39,0.99
06/04/2015,Egypt,MALE,Light Vehicle,2006,Blue,Private,200000,02/10/2025 12:00,low,50,43,19,1,1,0.12,1
25/05/2021,Egypt,MALE,Light Vehicle,2010,Black,Private,80000,22/11/2025 12:00,low,47,44,15,1,1,0.73,1
11/11/2016,Egypt,MALE,Light Vehicle,2009,Silver,Private,180000,10/05/2026 12:00,medium,46,45,16,0,1,0.14,1
10/09/2019,Egypt,MALE,Light Vehicle,2014,White,Private,120000,09/03/2026 12:00,medium,46,46,11,0,1,0.38,0.99
13/03/2017,Egypt,MALE,Light Vehicle,2005,Golden,Private,160000,09/09/2025 12:00,high,44,47,20,0,1,0.28,1
11/09/2018,Egypt,MALE,Light Vehicle,2019,White,Private,140000,10/03/2026 12:00,medium,42,48,6,0,0,0.27,0.6
16/11/2018,Egypt,MALE,Light Vehicle,2020,Blue,Private,140000,15/05/2026 12:00,medium,42,49,5,0,0,0.26,0.44
26/04/2016,Egypt,MALE,Light Vehicle,2020,White,Private,180000,23/10/2025 12:00,medium,42,50,5,0,1,0.12,0.87
05/11/2021,Egypt,MALE,Light Vehicle,2014,White,Private,80000,05/05/2026 12:00,low,41,51,11,1,1,0.62,0.91
18/06/2020,Egypt,MALE,Light Vehicle,2015,Blue,Private,100000,16/12/2025 12:00,high,40,52,10,0,1,0.64,0.93
16/08/2021,Egypt,MALE,Light Vehicle,2009,Blue,Private,80000,13/02/2026 12:00,medium,37,53,16,1,1,0.58,1
15/04/2021,Egypt,MALE,Light Vehicle,2006,White,Private,80000,13/10/2025 12:00,high,36,54,19,1,1,0.71,1
15/03/2019,Egypt,MALE,Light Vehicle,2020,Golden,Private,120000,11/09/2025 12:00,medium,35,55,5,0,0,0.34,0.22
29/06/2021,Egypt,MALE,Light Vehicle,2004,White,Private,80000,27/12/2025 12:00,high,34,56,21,1,1,0.71,1
03/09/2015,Egypt,MALE,Light Vehicle,2019,Blue,Private,200000,01/03/2026 12:00,high,34,57,6,0,1,0.12,0.99
27/05/2016,Egypt,MALE,Light Vehicle,2015,White,Private,180000,23/11/2025 12:00,high,33,58,10,0,1,0.2,1
06/05/2015,Egypt,MALE,Light Vehicle,2020,Red,Private,200000,01/11/2025 12:00,medium,30,59,5,0,1,0.07,0.97
20/04/2017,Egypt,MALE,Light Vehicle,2005,Blue,Private,160000,17/10/2025 12:00,medium,25,60,20,0,1,0.15,1
12/10/2017,Emirates,FEMALE,Heavy Vehicle,1999,White,Private,160000,10/04/2026 12:00,medium,82,61,26,0,1,0.36,1
05/12/2016,Emirates,FEMALE,Light Vehicle,2011,Gray,Private,180000,03/06/2026 12:00,low,77,62,14,1,1,0.26,1
09/11/2020,Emirates,FEMALE,Light Vehicle,2021,Silver,Private,100000,09/05/2026 12:00,medium,68,63,4,0,0,0.54,0.04
16/07/2017,Emirates,FEMALE,Light Vehicle,2021,Gray,VIP,160000,12/01/2026 12:00,high,65,64,4,0,1,0.47,0.67
22/12/2016,Emirates,FEMALE,Light Vehicle,2021,Black,Private,180000,20/06/2026 12:00,low,64,65,4,1,1,0.14,0.8
09/11/2018,Emirates,FEMALE,Light Vehicle,2021,White,Private,140000,08/05/2026 12:00,high,55,66,4,0,0,0.44,0.42
28/12/2015,Emirates,FEMALE,Light Vehicle,2020,Silver,Private,200000,25/06/2026 12:00,low,54,67,5,1,1,0.12,0.98
31/08/2020,Emirates,FEMALE,Light Vehicle,2006,Blue,Private,100000,28/02/2026 12:00,high,53,68,19,0,1,0.62,1
26/07/2015,Emirates,FEMALE,Light Vehicle,2010,Gray,Private,200000,21/01/2026 12:00,low,52,69,15,1,1,0.18,1
07/12/2021,Emirates,FEMALE,Light Vehicle,2020,White,Private,80000,06/06/2026 12:00,high,44,70,5,1,0,0.74,0.06
10/06/2020,Emirates,FEMALE,Light Vehicle,2014,White,Private,100000,08/12/2025 12:00,low,43,71,11,1,1,0.57,0.97
04/06/2016,Emirates,FEMALE,Light Vehicle,2016,White,Private,180000,01/12/2025 12:00,medium,39,72,9,0,1,0.13,1
16/01/2015,Emirates,FEMALE,Light Vehicle,2021,Silver,Private,200000,14/07/2025 12:00,low,36,73,4,1,1,0.1,0.93
07/10/2020,Emirates,FEMALE,Light Vehicle,2000,White,Private,100000,06/04/2026 12:00,high,35,74,25,0,1,0.67,1
18/12/2019,Emirates,FEMALE,Light Vehicle,2012,Black,Private,120000,16/06/2026 12:00,medium,35,75,13,0,1,0.35,1
11/02/2020,Emirates,FEMALE,Light Vehicle,2020,Black,Private,100000,10/08/2025 12:00,low,35,76,5,1,0,0.51,0.09
07/06/2020,Emirates,FEMALE,Light Vehicle,2021,White,Private,100000,05/12/2025 12:00,medium,33,77,4,0,0,0.32,0.03
25/07/2015,Emirates,FEMALE,Light Vehicle,2021,Black,Private,200000,20/01/2026 12:00,medium,31,78,4,0,1,0.06,0.92
21/07/2017,Emirates,FEMALE,Light Vehicle,2021,Black,Private,160000,17/01/2026 12:00,medium,28,79,4,0,1,0.14,0.55
12/11/2015,Emirates,MALE,Light Vehicle,2021,Gray,Private,200000,10/05/2026 12:00,medium,77,80,4,0,1,0.07,0.87
17/01/2021,Emirates,MALE,Light Vehicle,2015,Black,Private,80000,17/07/2025 12:00,medium,75,81,10,1,1,0.65,0.73
24/05/2019,Emirates,MALE,Light Vehicle,2021,Gray,Private,120000,20/11/2025 12:00,medium,75,82,4,0,0,0.43,0.09
05/05/2017,Emirates,MALE,Light Vehicle,2018,White,Private,160000,01/11/2025 12:00,low,74,83,7,1,1,0.31,0.96
26/06/2015,Emirates,MALE,Light Vehicle,2017,Lead,Private,200000,22/12/2025 12:00,high,73,84,8,0,1,0.21,1
11/03/2017,Emirates,MALE,Light Vehicle,2020,Black,Private,160000,07/09/2025 12:00,high,69,85,5,0,1,0.37,0.8
19/04/2017,Emirates,MALE,Light Vehicle,2021,White,Private,160000,16/10/2025 12:00,low,69,86,4,1,1,0.27,0.57
12/02/2020,Emirates,MALE,Light Vehicle,2015,Red,Private,100000,11/08/2025 12:00,low,66,87,10,1,1,0.74,0.95
03/07/2019,Emirates,MALE,Light Vehicle,2010,Golden,Private,120000,30/12/2025 12:00,medium,62,88,15,0,1,0.36,1
25/03/2021,Emirates,MALE,Light Vehicle,2021,Black,Private,80000,22/09/2025 12:00,medium,61,89,4,1,0,0.64,0.01
01/05/2018,Emirates,MALE,Light Vehicle,2021,White,Private,140000,28/10/2025 12:00,high,60,90,4,0,0,0.43,0.37
19/11/2015,Emirates,MALE,Light Vehicle,2019,Black,Private,200000,17/05/2026 12:00,high,59,91,6,0,1,0.18,0.99
30/12/2019,Emirates,MALE,Light Vehicle,1971,Silver,Private,120000,28/06/2026 12:00,medium,57,92,54,0,1,0.45,1
09/05/2020,Emirates,MALE,Light Vehicle,1998,White,Private,100000,06/11/2025 12:00,medium,57,93,27,0,1,0.51,1
13/12/2018,Emirates,MALE,Light Vehicle,2021,White,Private,140000,11/06/2026 12:00,medium,57,94,4,0,0,0.25,0.33
06/06/2020,Emirates,MALE,Light Vehicle,2021,White,Private,100000,04/12/2025 12:00,high,56,95,4,0,0,0.66,0.06
30/06/2018,Emirates,MALE,Trailer,2014,Silver,Private,140000,27/12/2025 12:00,low,55,96,11,1,1,0.59,1
18/09/2018,Emirates,MALE,Light Vehicle,2021,Black,Private,140000,17/03/2026 12:00,low,54,97,4,1,0,0.25,0.28
30/12/2017,Emirates,MALE,Light Vehicle,2014,White,Private,160000,28/06/2026 12:00,medium,53,98,11,0,1,0.2,1
12/03/2015,Emirates,MALE,Trailer,2021,Silver,Private,200000,07/09/2025 12:00,medium,53,99,4,0,1,0.18,0.97
26/10/2015,Emirates,MALE,Light Vehicle,2021,White,Private,200000,23/04/2026 12:00,medium,52,100,4,0,1,0.07,0.94
29/03/2015,Emirates,MALE,Light Vehicle,2015,White,Private,200000,24/09/2025 12:00,low,51,101,10,1,1,0.11,1
30/06/2019,Emirates,MALE,Light Vehicle,2007,White,Private,120000,27/12/2025 12:00,medium,50,102,18,0,1,0.38,1
20/03/2017,Emirates,MALE,Light Vehicle,2021,Black,Private,160000,16/09/2025 12:00,high,50,103,4,0,1,0.35,0.72
10/08/2018,Emirates,MALE,Light Vehicle,2013,White,Private,140000,06/02/2026 12:00,low,47,104,12,1,1,0.35,1
20/05/2021,Emirates,MALE,Light Vehicle,2020,Black,Private,80000,17/11/2025 12:00,low,47,105,5,1,0,0.66,0.05
22/10/2016,Emirates,MALE,Light Vehicle,2020,White,Private,180000,20/04/2026 12:00,low,45,106,5,1,1,0.16,0.95
28/11/2017,Emirates,MALE,Light Vehicle,2021,White,VIP,160000,27/05/2026 12:00,medium,45,107,4,0,1,0.15,0.66
24/04/2020,Emirates,MALE,Light Vehicle,1990,Lead,Private,100000,22/10/2025 12:00,medium,44,108,35,0,1,0.54,1
26/08/2016,Emirates,MALE,Light Vehicle,2005,Silver,Private,180000,22/02/2026 12:00,medium,44,109,20,0,1,0.14,1
02/08/2015,Emirates,MALE,Light Vehicle,2017,White,Private,200000,28/01/2026 12:00,low,44,110,8,1,1,0.07,1
11/01/2017,Emirates,MALE,Light Vehicle,2021,Black,Private,160000,10/07/2025 12:00,low,44,111,4,1,1,0.16,0.65
21/02/2016,Emirates,MALE,Light Vehicle,2021,Gray,Private,180000,19/08/2025 12:00,high,44,112,4,0,1,0.2,0.9
20/07/2021,Emirates,MALE,Trailer,2006,Silver,Private,80000,17/01/2026 12:00,high,44,113,19,1,1,0.88,1
17/09/2020,Emirates,MALE,Light Vehicle,2017,Black,Private,100000,17/03/2026 12:00,medium,43,114,8,0,1,0.4,0.7
21/06/2019,Emirates,MALE,Light Vehicle,2020,White,Private,120000,18/12/2025 12:00,low,41,115,5,1,0,0.31,0.3
09/02/2021,Emirates,MALE,Light Vehicle,2021,White,Private,80000,09/08/2025 12:00,low,41,116,4,1,0,0.65,0.01
05/09/2020,Emirates,MALE,Light Vehicle,2011,White,Private,100000,05/03/2026 12:00,high,40,117,14,0,1,0.55,1
01/05/2016,Emirates,MALE,Light Vehicle,2010,Black,Private,180000,28/10/2025 12:00,medium,39,118,15,0,1,0.12,1
08/04/2021,Emirates,MALE,Light Vehicle,2018,White,Private,80000,06/10/2025 12:00,medium,38,119,7,1,0,0.5,0.23
02/11/2018,Emirates,MALE,Light Vehicle,2014,Blue,Private,140000,01/05/2026 12:00,low,36,120,11,1,1,0.31,1
15/09/2020,Emirates,MALE,Light Vehicle,2014,Golden,Private,100000,15/03/2026 12:00,low,36,121,11,1,1,0.47,0.98
18/04/2021,Emirates,MALE,Light Vehicle,2001,Black,Private,80000,16/10/2025 12:00,low,35,122,24,1,1,0.65,1
31/03/2017,Emirates,MALE,Light Vehicle,2008,White,Private,160000,27/09/2025 12:00,medium,35,123,17,0,1,0.17,1
01/11/2015,Emirates,MALE,Light Vehicle,2015,Beige,Private,200000,29/04/2026 12:00,medium,34,124,10,0,1,0.05,1
23/08/2016,Emirates,MALE,Light Vehicle,2004,Blue,Private,180000,19/02/2026 12:00,high,33,125,21,0,1,0.19,1
29/12/2017,Emirates,MALE,Light Vehicle,2015,Blue,Private,160000,27/06/2026 12:00,high,33,126,10,0,1,0.28,1
14/10/2020,Emirates,MALE,Light Vehicle,2021,Blue,Private,100000,13/04/2026 12:00,low,33,127,4,1,0,0.55,0.04
10/01/2021,Emirates,MALE,Light Vehicle,2006,White,Private,80000,10/07/2025 12:00,low,32,128,19,1,1,0.6,1
20/01/2015,Emirates,MALE,Light Vehicle,2021,Black,Private,200000,18/07/2025 12:00,low,31,129,4,1,1,0.11,0.94
16/08/2018,Emirates,MALE,Light Vehicle,2020,Black,Private,140000,12/02/2026 12:00,low,29,130,5,1,0,0.28,0.52
11/12/2017,Emirates,MALE,Light Vehicle,2021,Black,Private,160000,09/06/2026 12:00,medium,29,131,4,0,1,0.19,0.57
07/08/2016,Emirates,MALE,Light Vehicle,2014,White,Private,180000,03/02/2026 12:00,medium,28,132,11,0,1,0.1,1
19/11/2015,Emirates,MALE,Light Vehicle,2013,Brown,Private,200000,17/05/2026 12:00,low,27,133,12,1,1,0.08,1
24/05/2017,Emirates,MALE,Light Vehicle,2020,Gray,Private,160000,20/11/2025 12:00,low,27,134,5,1,1,0.19,0.78
26/08/2021,Emirates,MALE,Light Vehicle,2001,White,Private,80000,23/02/2026 12:00,high,25,135,24,1,1,0.66,1
14/04/2017,Emirates,MALE,Light Vehicle,2003,White,Private,160000,11/10/2025 12:00,medium,24,136,22,0,1,0.14,1
07/09/2018,Emirates,MALE,Light Vehicle,2017,Gray,Private,140000,06/03/2026 12:00,high,24,137,8,0,1,0.27,0.96
11/12/2019,Ethiopia,FEMALE,Light Vehicle,2007,Red,Private,120000,09/06/2026 12:00,low,41,138,18,1,1,0.46,1
04/08/2017,Ethiopia,MALE,Light Vehicle,2014,Red,Private,160000,31/01/2026 12:00,medium,43,139,11,0,1,0.18,1
09/11/2021,France,FEMALE,Light Vehicle,2018,Silver alloy,Private,80000,09/05/2026 12:00,high,35,140,7,1,0,0.71,0.33
19/10/2021,France,FEMALE,Light Vehicle,2015,White,Private,80000,18/04/2026 12:00,medium,30,141,10,1,1,0.54,0.87
29/10/2016,France,MALE,Light Vehicle,2021,Gray,Private,180000,27/04/2026 12:00,medium,53,142,4,0,1,0.12,0.8
10/07/2018,France,MALE,Light Vehicle,2013,Blue,Private,140000,06/01/2026 12:00,medium,45,143,12,0,1,0.25,1
11/02/2017,France,MALE,Light Vehicle,2018,White,Private,160000,10/08/2025 12:00,high,43,144,7,0,1,0.32,0.98
30/12/2016,France,MALE,Light Vehicle,1968,Red,Private,180000,28/06/2026 12:00,medium,40,145,57,0,1,0.15,1
13/04/2015,France,MALE,Motor Cycle,2004,Black,Private,200000,09/10/2025 12:00,medium,40,146,21,0,1,0.13,1
16/04/2019,Germany,MALE,Light Vehicle,2015,Red,Private,120000,13/10/2025 12:00,medium,57,147,10,0,1,0.4,0.98
25/07/2018,Germany,MALE,Light Vehicle,2017,Blue,Private,140000,21/01/2026 12:00,medium,37,148,8,0,1,0.22,0.97
23/05/2015,Great Britain,MALE,Light Vehicle,2018,Black,Private,200000,18/11/2025 12:00,low,42,149,7,1,1,0.08,1
18/12/2016,Greece,MALE,Light Vehicle,2017,Blue,Private,180000,16/06/2026 12:00,medium,48,150,8,0,1,0.13,1
22/05/2021,Greece,MALE,Light Vehicle,2015,White,Private,80000,19/11/2025 12:00,medium,38,151,10,1,1,0.62,0.88
25/09/2016,India,FEMALE,Light Vehicle,2020,Gray,Private,180000,24/03/2026 12:00,low,56,152,5,1,1,0.18,0.94
06/01/2016,India,FEMALE,Light Vehicle,2014,White,Private,180000,04/07/2025 12:00,medium,51,153,11,0,1,0.11,1
18/06/2018,India,FEMALE,Light Vehicle,2014,Silver,Private,140000,15/12/2025 12:00,high,48,154,11,0,1,0.45,1
05/12/2021,India,FEMALE,Light Vehicle,2017,Silver,Private,80000,04/06/2026 12:00,high,47,155,8,1,1,0.76,0.34
02/10/2016,India,FEMALE,Light Vehicle,2012,White,Private,180000,31/03/2026 12:00,medium,43,156,13,0,1,0.12,1
07/10/2019,India,FEMALE,Light Vehicle,2018,White,Private,120000,05/04/2026 12:00,medium,40,157,7,0,0,0.34,0.66
11/05/2020,India,FEMALE,Light Vehicle,2021,Gray,Private,100000,08/11/2025 12:00,medium,38,158,4,0,0,0.45,0.03
19/09/2016,India,MALE,Light Vehicle,2021,White,Private,180000,18/03/2026 12:00,high,65,159,4,0,1,0.18,0.81
09/02/2020,India,MALE,Light Vehicle,2004,White,Private,100000,08/08/2025 12:00,high,63,160,21,0,1,0.69,1
15/08/2017,India,MALE,Light Vehicle,2016,Silver,Private,160000,11/02/2026 12:00,high,63,161,9,0,1,0.36,0.99
18/06/2019,India,MALE,Light Vehicle,2020,White,Private,120000,15/12/2025 12:00,medium,62,162,5,0,0,0.4,0.14
22/06/2019,India,MALE,Light Vehicle,2021,Black,Private,120000,19/12/2025 12:00,medium,62,163,4,0,0,0.31,0.1
24/10/2018,India,MALE,Light Vehicle,2011,Blue,Private,140000,22/04/2026 12:00,medium,61,164,14,0,1,0.3,1
08/09/2015,India,MALE,Light Vehicle,2007,White,Private,200000,06/03/2026 12:00,medium,58,165,18,0,1,0.09,1
21/11/2020,India,MALE,Light Vehicle,2012,White,Private,100000,21/05/2026 12:00,low,58,166,13,1,1,0.6,1
07/04/2017,India,MALE,Light Vehicle,2006,Silver,Private,160000,04/10/2025 12:00,medium,55,167,19,0,1,0.21,1
01/05/2016,India,MALE,Light Vehicle,2017,White,Private,180000,28/10/2025 12:00,medium,55,168,8,0,1,0.13,1
23/04/2015,India,MALE,Light Vehicle,2020,Golden,Private,200000,19/10/2025 12:00,medium,55,169,5,0,1,0.09,0.97
24/02/2019,India,MALE,Light Vehicle,2014,Beige,Private,120000,23/08/2025 12:00,medium,54,170,11,0,1,0.3,0.99
22/10/2019,India,MALE,Light Vehicle,2015,Blue,Private,120000,20/04/2026 12:00,medium,54,171,10,0,1,0.32,0.97
15/02/2015,India,MALE,Light Vehicle,2015,Black,Private,200000,13/08/2025 12:00,low,53,172,10,1,1,0.11,1
20/08/2018,India,MALE,Light Vehicle,2008,Blue,Private,140000,16/02/2026 12:00,low,50,173,17,1,1,0.29,1
20/08/2016,India,MALE,Light Vehicle,2003,Black,Private,180000,16/02/2026 12:00,high,49,174,22,0,1,0.25,1
24/07/2019,India,MALE,Light Vehicle,2013,White,Private,120000,20/01/2026 12:00,low,49,175,12,1,1,0.43,1
28/03/2016,India,MALE,Light Vehicle,2021,Blue,Private,180000,24/09/2025 12:00,medium,49,176,4,0,1,0.12,0.72
19/11/2019,India,MALE,Light Vehicle,2021,Blue,Private,120000,18/05/2026 12:00,high,49,177,4,0,0,0.52,0.1
07/10/2017,India,MALE,Light Vehicle,2009,Black,Private,160000,05/04/2026 12:00,medium,47,178,16,0,1,0.18,1
09/08/2021,India,MALE,Light Vehicle,2015,Silver,Private,80000,06/02/2026 12:00,low,46,179,10,1,1,0.66,0.86
22/12/2015,India,MALE,Light Vehicle,2021,Silver,Private,200000,19/06/2026 12:00,medium,46,180,4,0,1,0.07,0.94
02/06/2017,India,MALE,Light Vehicle,2014,Red,Private,160000,29/11/2025 12:00,medium,45,181,11,0,1,0.15,1
07/11/2015,India,MALE,Light Vehicle,2018,Black,Private,200000,05/05/2026 12:00,medium,44,182,7,0,1,0.07,1
06/07/2021,India,MALE,Light Vehicle,2020,Black,Private,80000,03/01/2026 12:00,high,44,183,5,1,0,0.66,0.02
25/02/2021,India,MALE,Light Vehicle,2021,Black,Private,80000,25/08/2025 12:00,high,44,184,4,1,0,0.6,0.02
10/11/2016,India,MALE,Light Vehicle,2014,Gray,Private,180000,09/05/2026 12:00,high,43,185,11,0,1,0.18,1
03/09/2019,India,MALE,Light Vehicle,2018,White,Private,120000,02/03/2026 12:00,high,43,186,7,0,0,0.52,0.68
12/10/2020,India,MALE,Light Vehicle,2018,Blue,Private,100000,11/04/2026 12:00,high,43,187,7,0,0,0.63,0.41
02/12/2018,India,MALE,Light Vehicle,2021,White,Private,140000,31/05/2026 12:00,high,43,188,4,0,0,0.36,0.28
07/10/2018,India,MALE,Light Vehicle,2009,White,Private,140000,05/04/2026 12:00,medium,42,189,16,0,1,0.21,1
01/10/2016,India,MALE,Light Vehicle,2015,Silver,Private,180000,30/03/2026 12:00,high,42,190,10,0,1,0.2,1
15/09/2015,India,MALE,Light Vehicle,2015,White,Private,200000,13/03/2026 12:00,medium,42,191,10,0,1,0.05,1
21/04/2021,India,MALE,Light Vehicle,2015,Silver,Private,80000,19/10/2025 12:00,low,42,192,10,1,1,0.67,0.77
30/04/2021,India,MALE,Light Vehicle,2020,Black,Private,80000,28/10/2025 12:00,medium,42,193,5,1,0,0.57,0.02
21/06/2019,India,MALE,Light Vehicle,2020,Gray,Private,120000,18/12/2025 12:00,medium,42,194,5,0,0,0.35,0.18
28/05/2017,India,MALE,Light Vehicle,2017,Blue,Private,160000,24/11/2025 12:00,high,41,195,8,0,1,0.28,0.98
25/06/2017,India,MALE,Light Vehicle,2021,White,Private,160000,22/12/2025 12:00,high,41,196,4,0,1,0.25,0.74
02/02/2020,India,MALE,Light Vehicle,2016,Blue,Private,100000,01/08/2025 12:00,high,40,197,9,0,1,0.62,0.84
21/04/2021,India,MALE,Light Vehicle,2014,Silver,Private,80000,19/10/2025 12:00,high,39,198,11,1,1,0.72,0.91
24/03/2021,India,MALE,Light Vehicle,2017,White,Private,80000,21/09/2025 12:00,high,39,199,8,1,1,0.65,0.47
01/07/2020,India,MALE,Light Vehicle,2017,White,Private,100000,29/12/2025 12:00,high,38,200,8,0,1,0.6,0.78
15/07/2019,India,MALE,Light Vehicle,2020,Gray,Private,120000,11/01/2026 12:00,high,38,201,5,0,0,0.5,0.25
22/08/2015,India,MALE,Light Vehicle,2021,Blue,Private,200000,17/02/2026 12:00,high,38,202,4,0,1,0.1,0.92
22/02/2016,India,MALE,Motor Cycle,2015,Blue,Private,180000,20/08/2025 12:00,medium,38,203,10,0,1,0.16,1
25/04/2021,India,MALE,Motor Cycle,2015,Blue,Private,80000,23/10/2025 12:00,high,38,204,10,1,1,0.8,0.77
08/04/2019,India,MALE,Light Vehicle,2008,Gray,Private,120000,05/10/2025 12:00,medium,37,205,17,0,1,0.27,1
26/01/2015,India,MALE,Light Vehicle,2009,Silver,Private,200000,24/07/2025 12:00,medium,37,206,16,0,1,0.07,1
09/10/2015,India,MALE,Light Vehicle,2015,Black,Private,200000,06/04/2026 12:00,medium,37,207,10,0,1,0.07,1
13/09/2019,India,MALE,Light Vehicle,2011,Black,Private,120000,12/03/2026 12:00,high,36,208,14,0,1,0.49,1
15/01/2015,India,MALE,Light Vehicle,2020,Blue,Private,200000,13/07/2025 12:00,medium,36,209,5,0,1,0.07,0.96
20/02/2016,India,MALE,Light Vehicle,2021,Blue,Private,180000,18/08/2025 12:00,medium,36,210,4,0,1,0.11,0.76
20/11/2018,India,MALE,Light Vehicle,2008,White,Private,140000,19/05/2026 12:00,high,34,211,17,0,1,0.36,1
20/11/2019,India,MALE,Light Vehicle,2015,White,Private,120000,19/05/2026 12:00,low,34,212,10,1,1,0.41,0.98
12/08/2019,India,MALE,Light Vehicle,2012,Green,Private,120000,08/02/2026 12:00,low,33,213,13,1,1,0.4,1
13/08/2016,India,MALE,Light Vehicle,2013,Black,Private,180000,09/02/2026 12:00,high,33,214,12,0,1,0.18,1
28/12/2019,India,MALE,Light Vehicle,2020,Silver,Private,120000,26/06/2026 12:00,high,33,215,5,0,0,0.45,0.27
18/09/2016,India,MALE,Light Vehicle,2008,Silver,Private,180000,17/03/2026 12:00,low,32,216,17,1,1,0.14,1
20/04/2017,India,MALE,Light Vehicle,2015,Gray,Private,160000,17/10/2025 12:00,medium,32,217,10,0,1,0.13,1
30/03/2020,India,MALE,Light Vehicle,2015,White,Private,100000,27/09/2025 12:00,high,32,218,10,0,1,0.61,0.94
05/08/2019,India,MALE,Light Vehicle,2011,White,Private,120000,01/02/2026 12:00,high,31,219,14,0,1,0.44,1
17/12/2020,India,MALE,Light Vehicle,2021,Red,Private,100000,16/06/2026 12:00,medium,31,220,4,0,0,0.4,0.03
27/08/2019,India,MALE,Light Vehicle,2009,Black,Private,120000,23/02/2026 12:00,medium,29,221,16,0,1,0.36,1
26/12/2018,India,MALE,Light Vehicle,2016,Lead,Private,140000,24/06/2026 12:00,medium,27,222,9,0,1,0.21,0.98
17/09/2015,Indonesia,MALE,Light Vehicle,2019,Gray,Private,200000,15/03/2026 12:00,medium,48,223,6,0,1,0.06,0.99
15/08/2017,Indonesia,MALE,Light Vehicle,2008,White,Private,160000,11/02/2026 12:00,medium,40,224,17,0,1,0.15,1
23/11/2016,Iran,FEMALE,Light Vehicle,2020,White,Private,180000,22/05/2026 12:00,medium,66,225,5,0,1,0.15,0.92
07/10/2016,Iran,FEMALE,Light Vehicle,2013,White,Private,180000,05/04/2026 12:00,high,59,226,12,0,1,0.26,1
12/11/2021,Iran,FEMALE,Light Vehicle,1990,White,Private,80000,12/05/2026 12:00,high,33,227,35,1,1,0.75,1
25/10/2017,Iran,MALE,Light Vehicle,2021,White,Private,160000,23/04/2026 12:00,medium,66,228,4,0,1,0.2,0.54
07/04/2021,Iran,MALE,Light Vehicle,2016,Blue,Private,80000,05/10/2025 12:00,low,58,229,9,1,1,0.72,0.5
15/06/2019,Iran,MALE,Light Vehicle,2015,Maroon,Private,120000,12/12/2025 12:00,medium,52,230,10,0,1,0.3,0.97
11/08/2020,Iran,MALE,Light Vehicle,2014,Lead,Private,100000,08/02/2026 12:00,medium,48,231,11,0,1,0.39,0.97
25/07/2018,Iran,MALE,Light Vehicle,2021,Green,Private,140000,21/01/2026 12:00,high,42,232,4,0,0,0.38,0.41
16/01/2019,Iran,MALE,Light Vehicle,2017,Black,Private,120000,15/07/2025 12:00,medium,39,233,8,0,1,0.31,0.84
27/06/2018,Iraq,FEMALE,Light Vehicle,2020,White,Private,140000,24/12/2025 12:00,medium,49,234,5,0,0,0.24,0.43
25/05/2016,Iraq,FEMALE,Light Vehicle,2017,White,Private,180000,21/11/2025 12:00,high,28,235,8,0,1,0.19,1
24/01/2020,Iraq,MALE,Light Vehicle,2013,Gray,Private,100000,23/07/2025 12:00,high,52,236,12,0,1,0.64,0.99
22/12/2016,Iraq,MALE,Light Vehicle,2019,Blue,Private,180000,20/06/2026 12:00,medium,45,237,6,0,1,0.1,0.94
09/03/2015,Iraq,MALE,Light Vehicle,2014,White,Private,200000,04/09/2025 12:00,high,41,238,11,0,1,0.1,1
25/07/2019,Iraq,MALE,Light Vehicle,2021,White,Private,120000,21/01/2026 12:00,medium,37,239,4,0,0,0.25,0.08
05/04/2016,Iraq,MALE,Light Vehicle,2008,Golden,Private,180000,02/10/2025 12:00,high,29,240,17,0,1,0.15,1
19/08/2021,Iraq,MALE,Light Vehicle,2016,Yellow,Private,80000,16/02/2026 12:00,medium,29,241,9,1,1,0.64,0.66
25/09/2021,Italy,FEMALE,Light Vehicle,2016,White,Private,80000,25/03/2026 12:00,high,33,242,9,1,1,0.69,0.77
09/06/2021,Italy,MALE,Light Vehicle,2021,Black,Private,80000,07/12/2025 12:00,low,66,243,4,1,0,0.6,0.01
22/08/2017,Italy,MALE,Light Vehicle,2014,White,Private,160000,18/02/2026 12:00,medium,52,244,11,0,1,0.18,1
12/02/2015,Italy,MALE,Light Vehicle,2015,Black,Private,200000,10/08/2025 12:00,medium,49,245,10,0,1,0.07,1
16/07/2021,Italy,MALE,Light Vehicle,2007,Red,Private,80000,13/01/2026 12:00,medium,41,246,18,1,1,0.55,1
31/12/2017,Italy,MALE,Light Vehicle,2021,White,Private,160000,29/06/2026 12:00,medium,40,247,4,0,1,0.14,0.67
31/10/2021,Italy,MALE,Light Vehicle,2021,Gray,Private,80000,30/04/2026 12:00,high,38,248,4,1,0,0.65,0.03
22/10/2021,Jordan,FEMALE,Light Vehicle,2018,White,Private,80000,21/04/2026 12:00,medium,66,249,7,1,0,0.67,0.09
24/12/2020,Jordan,MALE,Light Vehicle,2015,Red,Private,100000,23/06/2026 12:00,medium,64,250,10,0,1,0.51,0.92
24/01/2017,Jordan,MALE,Light Vehicle,2013,Black,Private,160000,23/07/2025 12:00,medium,56,251,12,0,1,0.2,1
02/10/2017,Jordan,MALE,Light Vehicle,2021,Gray,Private,160000,31/03/2026 12:00,medium,54,252,4,0,1,0.14,0.54
20/12/2020,Jordan,MALE,Light Vehicle,2020,Brown,Private,100000,19/06/2026 12:00,high,47,253,5,0,0,0.62,0.08
28/03/2017,Jordan,MALE,Light Vehicle,2021,Black,Private,160000,24/09/2025 12:00,high,45,254,4,0,1,0.26,0.66
15/03/2016,Jordan,MALE,Light Vehicle,2015,Black,Private,180000,11/09/2025 12:00,medium,43,255,10,0,1,0.09,1
05/12/2018,Jordan,MALE,Light Vehicle,2013,Red,Private,140000,03/06/2026 12:00,medium,41,256,12,0,1,0.31,1
07/08/2021,Jordan,MALE,Light Vehicle,2015,Silver,Private,80000,04/02/2026 12:00,medium,41,257,10,1,1,0.54,0.84
28/11/2019,Jordan,MALE,Light Vehicle,2014,Silver,Private,120000,27/05/2026 12:00,medium,40,258,11,0,1,0.36,0.99
29/12/2018,Jordan,MALE,Light Vehicle,2013,Lead,Private,140000,27/06/2026 12:00,low,36,259,12,1,1,0.29,1
27/09/2015,Jordan,MALE,Light Vehicle,2014,White,Private,200000,25/03/2026 12:00,medium,35,260,11,0,1,0.06,1
01/05/2019,Jordan,MALE,Light Vehicle,2020,Red,Private,120000,28/10/2025 12:00,high,35,261,5,0,0,0.37,0.39
13/12/2021,Jordan,MALE,Light Vehicle,2017,Black,Private,80000,12/06/2026 12:00,high,30,262,8,1,1,0.67,0.41
27/12/2015,Kenya,FEMALE,Light Vehicle,2014,White,Private,200000,24/06/2026 12:00,high,44,263,11,0,1,0.12,1
06/09/2018,Kenya,MALE,Light Vehicle,2008,Silver,Private,140000,05/03/2026 12:00,high,48,264,17,0,1,0.36,1
25/02/2021,Kenya,MALE,Light Vehicle,2014,White,Private,80000,25/08/2025 12:00,high,45,265,11,1,1,0.65,0.94
14/03/2020,Kenya,MALE,Light Vehicle,2019,White,Private,100000,11/09/2025 12:00,high,36,266,6,0,0,0.62,0.23
30/11/2019,Kyrgyzstan,MALE,Light Vehicle,2007,White,Private,120000,29/05/2026 12:00,high,36,267,18,0,1,0.48,1
10/12/2019,Lebanon,FEMALE,Light Vehicle,2020,Gray,Private,120000,08/06/2026 12:00,high,44,268,5,0,0,0.43,0.37
23/07/2017,Lebanon,FEMALE,Light Vehicle,2021,Gray,Private,160000,19/01/2026 12:00,low,33,269,4,1,1,0.19,0.59
22/01/2017,Lebanon,MALE,Light Vehicle,1995,Green,Private,160000,21/07/2025 12:00,high,48,270,30,0,1,0.35,1
20/09/2020,Lebanon,MALE,Light Vehicle,2020,Black,Private,100000,20/03/2026 12:00,medium,48,271,5,0,0,0.44,0.06
22/09/2020,Lebanon,MALE,Light Vehicle,2021,Black,Private,100000,22/03/2026 12:00,medium,45,272,4,0,0,0.39,0.03
28/01/2021,Lebanon,MALE,Light Vehicle,2016,Silver,Private,80000,28/07/2025 12:00,low,41,273,9,1,1,0.66,0.72
05/06/2021,Lebanon,MALE,Light Vehicle,2019,White,Private,80000,03/12/2025 12:00,high,41,274,6,1,0,0.68,0.08
18/08/2018,Mauritius,FEMALE,Light Vehicle,2012,Brown,Private,140000,14/02/2026 12:00,medium,41,275,13,0,1,0.24,1
21/07/2018,Netherlands,MALE,Light Vehicle,2015,White,Private,140000,17/01/2026 12:00,low,60,276,10,1,1,0.31,0.99
21/08/2020,Netherlands,MALE,Light Vehicle,2018,Gray,Private,100000,18/02/2026 12:00,low,59,277,7,1,0,0.57,0.5
06/08/2019,Netherlands,MALE,Light Vehicle,2010,Golden,Private,120000,02/02/2026 12:00,low,54,278,15,1,1,0.4,1
09/12/2019,Nigeria,MALE,Light Vehicle,2006,White,Private,120000,07/06/2026 12:00,high,55,279,19,0,1,0.55,1
14/08/2020,Nigeria,MALE,Light Vehicle,2015,Brown,Private,100000,11/02/2026 12:00,high,39,280,10,0,1,0.49,0.96
01/04/2021,Nigeria,MALE,Light Vehicle,2015,Brown,Private,80000,29/09/2025 12:00,medium,39,281,10,1,1,0.45,0.73
25/05/2017,Oman,MALE,Motor Cycle,1997,Golden,Private,160000,21/11/2025 12:00,low,62,282,28,1,1,0.4,1
06/09/2017,Oman,MALE,Light Vehicle,2016,White,Private,160000,05/03/2026 12:00,medium,41,283,9,0,1,0.15,0.99
18/09/2015,Pakistan,FEMALE,Light Vehicle,2016,Black,Private,200000,16/03/2026 12:00,medium,53,284,9,0,1,0.08,1
20/01/2019,Pakistan,FEMALE,Light Vehicle,2006,Golden,Private,120000,19/07/2025 12:00,high,30,285,19,0,1,0.46,1
10/04/2015,Pakistan,MALE,Light Vehicle,2021,White,Private,200000,06/10/2025 12:00,medium,63,286,4,0,1,0.06,0.83
13/04/2018,Pakistan,MALE,Light Vehicle,2020,Black,Private,140000,10/10/2025 12:00,high,54,287,5,0,0,0.27,0.57
08/11/2018,Pakistan,MALE,Light Vehicle,2010,White,Private,140000,07/05/2026 12:00,medium,52,288,15,0,1,0.24,1
02/01/2017,Pakistan,MALE,Light Vehicle,2008,White,Private,160000,01/07/2025 12:00,medium,50,289,17,0,1,0.17,1
23/02/2019,Pakistan,MALE,Light Vehicle,2012,White,Private,120000,22/08/2025 12:00,medium,48,290,13,0,1,0.31,1
26/03/2015,Pakistan,MALE,Light Vehicle,2009,Golden,Private,200000,21/09/2025 12:00,high,47,291,16,0,1,0.13,1
14/04/2015,Pakistan,MALE,Light Vehicle,2015,White,Private,200000,10/10/2025 12:00,high,46,292,10,0,1,0.15,1
27/10/2020,Pakistan,MALE,Light Vehicle,2007,Gray,Private,100000,26/04/2026 12:00,medium,44,293,18,0,1,0.43,1
25/07/2017,Pakistan,MALE,Light Vehicle,2011,Beige,Private,160000,21/01/2026 12:00,high,44,294,14,0,1,0.26,1
03/12/2015,Pakistan,MALE,Light Vehicle,2008,White,Private,200000,31/05/2026 12:00,medium,43,295,17,0,1,0.06,1
17/09/2018,Pakistan,MALE,Light Vehicle,2011,Black,Private,140000,16/03/2026 12:00,high,43,296,14,0,1,0.35,1
03/06/2020,Pakistan,MALE,Light Vehicle,2011,White,Private,100000,01/12/2025 12:00,medium,43,297,14,0,1,0.42,1
21/07/2016,Pakistan,MALE,Light Vehicle,2020,White,Private,180000,17/01/2026 12:00,medium,43,298,5,0,1,0.08,0.85
23/05/2019,Pakistan,MALE,Light Vehicle,2019,Silver,Private,120000,19/11/2025 12:00,high,41,299,6,0,0,0.45,0.62
25/08/2015,Pakistan,MALE,Light Vehicle,2020,Black,Private,200000,20/02/2026 12:00,medium,40,300,5,0,1,0.06,0.96
24/05/2015,Pakistan,MALE,Light Vehicle,2009,Black,Private,200000,19/11/2025 12:00,high,39,301,16,0,1,0.11,1
12/10/2018,Pakistan,MALE,Light Vehicle,2007,White,Private,140000,10/04/2026 12:00,high,38,302,18,0,1,0.35,1
05/11/2018,Pakistan,MALE,Light Vehicle,2016,White,Private,140000,04/05/2026 12:00,low,38,303,9,1,1,0.28,0.98
02/07/2019,Pakistan,MALE,Light Vehicle,2015,Silver,Private,120000,29/12/2025 12:00,medium,37,304,10,0,1,0.29,0.98
03/02/2020,Pakistan,MALE,Light Vehicle,1999,Gray,Private,100000,02/08/2025 12:00,low,35,305,26,1,1,0.48,1
17/11/2021,Pakistan,MALE,Light Vehicle,2004,White,Private,80000,17/05/2026 12:00,high,35,306,21,1,1,0.62,1
31/08/2018,Pakistan,MALE,Light Vehicle,2007,Silver,Private,140000,27/02/2026 12:00,medium,35,307,18,0,1,0.21,1
13/04/2017,Pakistan,MALE,Light Vehicle,2004,White,Private,160000,10/10/2025 12:00,medium,34,308,21,0,1,0.14,1
12/08/2020,Pakistan,MALE,Light Vehicle,2009,Silver,Private,100000,09/02/2026 12:00,medium,34,309,16,0,1,0.4,1
04/12/2016,Pakistan,MALE,Light Vehicle,2019,Silver,Private,180000,02/06/2026 12:00,medium,34,310,6,0,1,0.08,0.98
29/01/2018,Pakistan,MALE,Light Vehicle,2019,White,Private,140000,28/07/2025 12:00,medium,33,311,6,0,0,0.23,0.68
06/08/2015,Pakistan,MALE,Light Vehicle,2005,Golden,Private,200000,01/02/2026 12:00,medium,32,312,20,0,1,0.04,1
12/03/2015,Pakistan,MALE,Light Vehicle,2009,Black,Private,200000,07/09/2025 12:00,low,32,313,16,1,1,0.08,1
20/10/2021,Pakistan,MALE,Light Vehicle,2009,Maroon,Private,80000,19/04/2026 12:00,low,30,314,16,1,1,0.59,1
22/11/2020,Pakistan,MALE,Light Vehicle,2009,Silver,Private,100000,22/05/2026 12:00,low,28,315,16,1,1,0.44,1
28/11/2019,Palestine,FEMALE,Light Vehicle,2021,Black,Private,120000,27/05/2026 12:00,high,38,316,4,0,0,0.41,0.1
25/11/2017,Palestine,MALE,Light Vehicle,2012,Black,Private,160000,24/05/2026 12:00,medium,58,317,13,0,1,0.18,1
25/03/2016,Palestine,MALE,Motor Cycle,2020,Black,Private,180000,21/09/2025 12:00,low,42,318,5,1,1,0.18,0.94
07/02/2016,Palestine,MALE,Motor Cycle,2020,Black,Private,180000,05/08/2025 12:00,high,42,319,5,0,1,0.24,0.91
24/10/2016,Philippines,FEMALE,Light Vehicle,2021,Red,Private,180000,22/04/2026 12:00,high,47,320,4,0,1,0.16,0.76
21/11/2018,Philippines,FEMALE,Light Vehicle,2014,Lead,Private,140000,20/05/2026 12:00,medium,46,321,11,0,1,0.27,1
02/01/2020,Philippines,FEMALE,Motor Cycle,2014,Black,Private,100000,01/07/2025 12:00,medium,41,322,11,0,1,0.53,0.98
04/09/2019,Philippines,FEMALE,Motor Cycle,2014,Black,Private,120000,03/03/2026 12:00,low,41,323,11,1,1,0.51,0.99
21/12/2016,Philippines,FEMALE,Light Vehicle,2013,Gray,Private,180000,19/06/2026 12:00,high,40,324,12,0,1,0.18,1
28/09/2021,Philippines,FEMALE,Light Vehicle,2008,Orange,Private,80000,28/03/2026 12:00,medium,37,325,17,1,1,0.51,1
06/03/2020,Philippines,FEMALE,Light Vehicle,2020,White,Private,100000,03/09/2025 12:00,high,37,326,5,0,0,0.59,0.1
30/11/2018,Philippines,FEMALE,Light Vehicle,2017,White,Private,140000,29/05/2026 12:00,high,36,327,8,0,1,0.35,0.95
22/04/2019,Philippines,FEMALE,Light Vehicle,2017,Silver,Private,120000,19/10/2025 12:00,high,34,328,8,0,1,0.46,0.87
15/12/2017,Philippines,FEMALE,Light Vehicle,2010,Blue,Private,160000,13/06/2026 12:00,low,33,329,15,1,1,0.19,1
17/10/2016,Philippines,MALE,Light Vehicle,2004,Blue,Private,180000,15/04/2026 12:00,medium,48,330,21,0,1,0.1,1
14/07/2017,Philippines,MALE,Light Vehicle,2016,White,Private,160000,10/01/2026 12:00,medium,43,331,9,0,1,0.14,0.99
01/05/2020,Philippines,MALE,Light Vehicle,2020,White,Private,100000,29/10/2025 12:00,medium,34,332,5,0,0,0.37,0.08
09/02/2015,Portugal,MALE,Light Vehicle,2018,White,Private,200000,07/08/2025 12:00,low,38,333,7,1,1,0.08,1
12/11/2015,Portugal,MALE,Light Vehicle,2016,Red,Private,200000,10/05/2026 12:00,medium,34,334,9,0,1,0.05,1
08/05/2015,Saudi Arabia,MALE,Light Vehicle,2018,White,Private,200000,03/11/2025 12:00,low,66,335,7,1,1,0.12,1
23/04/2015,Saudi Arabia,MALE,Light Vehicle,2017,White,Private,200000,19/10/2025 12:00,medium,45,336,8,0,1,0.08,1
28/12/2020,Saudi Arabia,MALE,Light Vehicle,2021,Black,Private,100000,27/06/2026 12:00,medium,42,337,4,0,0,0.35,0.06
12/12/2019,Serbia,FEMALE,Light Vehicle,2016,White,Private,120000,10/06/2026 12:00,medium,31,338,9,0,1,0.28,0.96
07/05/2018,South Africa,FEMALE,Light Vehicle,2021,Green,Private,140000,03/11/2025 12:00,medium,30,339,4,0,0,0.18,0.4
29/09/2015,South Africa,MALE,Light Vehicle,2020,Silver,Private,200000,27/03/2026 12:00,medium,60,340,5,0,1,0.08,0.97
24/06/2018,South Africa,MALE,Light Vehicle,2016,White,Private,140000,21/12/2025 12:00,medium,46,341,9,0,1,0.21,0.98
05/05/2018,South Africa,MALE,Light Vehicle,2015,Black,Private,140000,01/11/2025 12:00,high,28,342,10,0,1,0.29,1
25/03/2016,South Korea,MALE,Light Vehicle,2021,Blue,Private,180000,21/09/2025 12:00,low,44,343,4,1,1,0.12,0.87
15/01/2018,Spain,FEMALE,Light Vehicle,2008,Silver,Private,140000,14/07/2025 12:00,medium,29,344,17,0,1,0.18,1
06/11/2017,Sri Lanka,MALE,Light Vehicle,2015,Blue,Private,160000,05/05/2026 12:00,medium,37,345,10,0,1,0.11,1
04/05/2019,Sudan,MALE,Light Vehicle,2011,Black,Private,120000,31/10/2025 12:00,low,54,346,14,1,1,0.43,1
26/06/2019,Sudan,MALE,Light Vehicle,2020,Red,Private,120000,23/12/2025 12:00,medium,47,347,5,0,0,0.28,0.18
06/05/2015,Sudan,MALE,Light Vehicle,2018,White,Private,200000,01/11/2025 12:00,high,39,348,7,0,1,0.09,1
03/09/2017,Sudan,MALE,Light Vehicle,2011,White,Private,160000,02/03/2026 12:00,low,32,349,14,1,1,0.16,1
31/05/2019,Sudan,MALE,Light Vehicle,2013,White,Private,120000,27/11/2025 12:00,medium,32,350,12,0,1,0.26,1
26/07/2018,Sweden,FEMALE,Light Vehicle,2019,White,Private,140000,22/01/2026 12:00,medium,48,351,6,0,0,0.17,0.81
30/12/2020,Switzerland,FEMALE,Light Vehicle,2021,Gray,Private,100000,29/06/2026 12:00,high,42,352,4,0,0,0.58,0.07
30/08/2019,Syria,FEMALE,Light Vehicle,2002,Silver,Private,120000,26/02/2026 12:00,medium,58,353,23,0,1,0.38,1
25/02/2016,Syria,FEMALE,Light Vehicle,2020,Red,Private,180000,23/08/2025 12:00,medium,46,354,5,0,1,0.1,0.88
15/07/2015,Syria,MALE,Light Vehicle,2003,Blue,Private,200000,10/01/2026 12:00,medium,48,355,22,0,1,0.07,1
16/07/2019,Syria,MALE,Light Vehicle,2003,Golden,Private,120000,12/01/2026 12:00,low,48,356,22,1,1,0.31,1
15/03/2015,Syria,MALE,Light Vehicle,2018,Blue,Private,200000,10/09/2025 12:00,medium,48,357,7,0,1,0.05,1
09/02/2019,Syria,MALE,Light Vehicle,2021,Red,Private,120000,08/08/2025 12:00,high,48,358,4,0,0,0.43,0.11
18/08/2021,Syria,MALE,Light Vehicle,2007,White,Private,80000,15/02/2026 12:00,medium,46,359,18,1,1,0.48,1
12/01/2019,Syria,MALE,Light Vehicle,2008,Yellow,Private,120000,11/07/2025 12:00,high,41,360,17,0,1,0.42,1
11/10/2017,Syria,MALE,Light Vehicle,2013,Black,Private,160000,09/04/2026 12:00,medium,41,361,12,0,1,0.13,1
19/07/2019,Syria,MALE,Motor Cycle,2016,Green,Private,120000,15/01/2026 12:00,high,41,362,9,0,1,0.55,0.96
24/03/2018,Syria,MALE,Light Vehicle,2015,Silver,Private,140000,20/09/2025 12:00,medium,40,363,10,0,1,0.2,0.99
14/11/2018,Syria,MALE,Light Vehicle,2006,Gray,Private,140000,13/05/2026 12:00,medium,38,364,19,0,1,0.19,1
22/08/2021,Syria,MALE,Light Vehicle,2019,Black,Private,80000,19/02/2026 12:00,low,38,365,6,1,0,0.48,0.06
05/10/2017,Syria,MALE,Light Vehicle,2013,White,Private,160000,03/04/2026 12:00,medium,37,366,12,0,1,0.12,1
15/10/2021,Syria,MALE,Light Vehicle,2015,Black,Private,80000,14/04/2026 12:00,low,36,367,10,1,1,0.57,0.78
14/05/2021,Syria,MALE,Light Vehicle,2013,Black,Private,80000,11/11/2025 12:00,high,34,368,12,1,1,0.62,0.98
26/05/2016,Syria,MALE,Light Vehicle,2007,Black,Private,180000,22/11/2025 12:00,low,33,369,18,1,1,0.11,1
12/07/2015,Syria,MALE,Light Vehicle,2016,White,Private,200000,07/01/2026 12:00,high,33,370,9,0,1,0.09,1
07/10/2015,Syria,MALE,Light Vehicle,2014,White,Private,200000,04/04/2026 12:00,medium,25,371,11,0,1,0.04,1
20/02/2015,Tanzania,MALE,Light Vehicle,2021,Blue,Private,200000,18/08/2025 12:00,medium,69,372,4,0,1,0.06,0.81
19/09/2015,Tunisia,MALE,Light Vehicle,2016,Silver,Private,200000,17/03/2026 12:00,high,34,373,9,0,1,0.09,1
04/11/2019,Tunisia,MALE,Light Vehicle,2008,Gray,Private,120000,03/05/2026 12:00,high,33,374,17,0,1,0.41,1
17/07/2015,Turkey,MALE,Light Vehicle,2020,Black,Private,200000,12/01/2026 12:00,medium,42,375,5,0,1,0.06,0.98
02/04/2017,Turkey,MALE,Light Vehicle,2012,Red,Private,160000,29/09/2025 12:00,medium,35,376,13,0,1,0.11,1
09/12/2020,United Kingdom,FEMALE,Light Vehicle,2018,White,Private,100000,08/06/2026 12:00,medium,58,377,7,0,0,0.44,0.44
06/03/2015,United Kingdom,FEMALE,Light Vehicle,2020,White,Private,200000,01/09/2025 12:00,medium,57,378,5,0,1,0.05,0.97
04/10/2020,United Kingdom,FEMALE,Light Vehicle,2021,Black,Private,100000,03/04/2026 12:00,medium,51,379,4,0,0,0.37,0.05
24/12/2016,United Kingdom,FEMALE,Light Vehicle,2017,Blue,Private,180000,22/06/2026 12:00,high,39,380,8,0,1,0.14,1
16/11/2015,United Kingdom,FEMALE,Light Vehicle,2019,Lead,Private,200000,14/05/2026 12:00,medium,38,381,6,0,1,0.03,0.99
29/11/2019,United Kingdom,MALE,Light Vehicle,2018,Black,Private,120000,28/05/2026 12:00,high,69,382,7,0,0,0.51,0.78
09/06/2019,United Kingdom,MALE,Light Vehicle,2017,Blue,Private,120000,06/12/2025 12:00,low,57,383,8,1,1,0.37,0.89
26/02/2021,United Kingdom,MALE,Light Vehicle,2017,Gray,Private,80000,26/08/2025 12:00,medium,50,384,8,1,1,0.45,0.37
28/02/2020,United Kingdom,MALE,Light Vehicle,2016,White,Private,100000,27/08/2025 12:00,medium,49,385,9,0,1,0.38,0.86
04/09/2020,United Kingdom,MALE,Light Vehicle,2020,Gray,Private,100000,04/03/2026 12:00,medium,49,386,5,0,0,0.34,0.12
24/12/2016,United Kingdom,MALE,Light Vehicle,2014,Yellow,Private,180000,22/06/2026 12:00,low,47,387,11,1,1,0.13,1
06/04/2016,United Kingdom,MALE,Light Vehicle,2019,Black,Private,180000,03/10/2025 12:00,high,46,388,6,0,1,0.15,0.98
11/04/2020,United Kingdom,MALE,Light Vehicle,2013,White,Private,100000,09/10/2025 12:00,medium,45,389,12,0,1,0.29,0.99
13/09/2020,United Kingdom,MALE,Light Vehicle,2019,Silver,Private,100000,13/03/2026 12:00,medium,36,390,6,0,0,0.33,0.3
14/12/2021,United Kingdom,MALE,Light Vehicle,2021,Black,Private,80000,13/06/2026 12:00,medium,35,391,4,1,0,0.4,0.02
02/12/2017,United Kingdom,MALE,Light Vehicle,2014,White,Private,160000,31/05/2026 12:00,high,34,392,11,0,1,0.21,1
27/08/2017,United States,FEMALE,Trailer,2016,White,Private,160000,23/02/2026 12:00,low,58,393,9,1,1,0.42,0.99
21/06/2020,United States,MALE,Light Vehicle,2019,Blue,Private,100000,19/12/2025 12:00,low,57,394,6,1,0,0.5,0.27
02/06/2017,United States,MALE,Light Vehicle,2014,Lead,Private,160000,29/11/2025 12:00,medium,54,395,11,0,1,0.1,1
23/07/2021,Uzbekistan,MALE,Light Vehicle,2017,Silver,Private,80000,20/01/2026 12:00,medium,40,396,8,1,1,0.46,0.45
04/01/2021,Yemen,MALE,Light Vehicle,2000,Black,Private,80000,04/07/2025 12:00,low,52,397,25,1,1,0.54,1
02/01/2018,Yemen,MALE,Light Vehicle,2014,White,Private,140000,01/07/2025 12:00,medium,44,398,11,0,1,0.19,1
11/04/2020,Yemen,MALE,Light Vehicle,2018,White,Private,100000,09/10/2025 12:00,high,44,399,7,0,0,0.54,0.41
21/04/2020,Yemen,MALE,Trailer,2021,Silver,Private,100000,19/10/2025 12:00,medium,44,400,4,0,0,0.59,0.05
13/10/2015,Yemen,MALE,Light Vehicle,1999,White,Private,200000,10/04/2026 12:00,medium,43,401,26,0,1,0.05,1
06/05/2021,Yemen,MALE,Light Vehicle,2016,White,Private,80000,03/11/2025 12:00,medium,39,402,9,1,1,0.45,0.68
01/08/2018,Yemen,MALE,Light Vehicle,2010,Silver,Private,140000,28/01/2026 12:00,medium,26,403,15,0,1,0.16,1
02/08/2021,Emirates,MALE,Light Vehicle,2021,Black,Private,80000,30/01/2026 12:00,high,50,404,4,1,0,0.78,0.02
09/07/2021,Sudan,MALE,Light Vehicle,2011,White,Private,80000,06/01/2026 12:00,low,32,405,14,1,1,0.56,0.99
03/03/2018,Lebanon,MALE,Light Vehicle,2020,Black,Private,140000,30/08/2025 12:00,medium,48,406,5,0,0,0.24,0.4
07/11/2015,Emirates,MALE,Light Vehicle,2021,White,VIP,200000,05/05/2026 12:00,medium,45,407,4,0,1,0.06,0.95
04/12/2021,Emirates,FEMALE,Light Vehicle,2016,White,Private,80000,03/06/2026 12:00,medium,39,408,9,1,1,0.6,0.52
28/11/2020,India,MALE,Light Vehicle,2009,White,Private,100000,28/05/2026 12:00,medium,42,409,16,0,1,0.4,1
28/11/2015,Canada,MALE,Light Vehicle,2021,Black,Private,200000,26/05/2026 12:00,medium,61,410,4,0,1,0.1,0.93
26/06/2021,Emirates,MALE,Light Vehicle,2021,Black,Private,80000,24/12/2025 12:00,high,50,411,4,1,0,0.78,0.02
05/02/2021,Emirates,MALE,Light Vehicle,2001,Black,Private,80000,05/08/2025 12:00,low,35,412,24,1,1,0.65,1
07/09/2018,India,MALE,Light Vehicle,2020,Silver,Private,140000,06/03/2026 12:00,high,33,413,5,0,0,0.34,0.54
25/02/2019,Philippines,MALE,Light Vehicle,2016,White,Private,120000,24/08/2025 12:00,medium,43,414,9,0,1,0.3,0.91
07/11/2017,Emirates,MALE,Light Vehicle,2010,Golden,Private,160000,06/05/2026 12:00,medium,62,415,15,0,1,0.18,1
01/06/2015,Tunisia,MALE,Light Vehicle,2016,Silver,Private,200000,27/11/2025 12:00,high,34,416,9,0,1,0.09,1
17/05/2017,Emirates,MALE,Light Vehicle,2021,White,Private,160000,13/11/2025 12:00,medium,52,417,4,0,1,0.17,0.61
02/09/2020,Syria,MALE,Light Vehicle,2008,Yellow,Private,100000,02/03/2026 12:00,high,41,418,17,0,1,0.54,1
13/01/2015,India,FEMALE,Light Vehicle,2020,Gray,Private,200000,11/07/2025 12:00,low,56,419,5,1,1,0.12,0.98
12/05/2017,Emirates,MALE,Light Vehicle,2021,Black,Private,160000,08/11/2025 12:00,medium,29,420,4,0,1,0.19,0.57
05/11/2017,Greece,MALE,Light Vehicle,2017,Blue,Private,160000,04/05/2026 12:00,medium,48,421,8,0,1,0.2,0.99
29/10/2018,Pakistan,MALE,Light Vehicle,2009,Silver,Private,140000,27/04/2026 12:00,medium,34,422,16,0,1,0.21,1
23/06/2021,Jordan,MALE,Light Vehicle,2014,Silver,Private,80000,21/12/2025 12:00,medium,40,423,11,1,1,0.59,0.88
17/06/2017,Spain,FEMALE,Light Vehicle,2008,Silver,Private,160000,14/12/2025 12:00,medium,29,424,17,0,1,0.12,1
19/06/2017,Pakistan,MALE,Light Vehicle,2011,Beige,Private,160000,16/12/2025 12:00,high,44,425,14,0,1,0.26,1
05/03/2020,United Kingdom,MALE,Light Vehicle,2020,Gray,Private,100000,02/09/2025 12:00,medium,49,426,5,0,0,0.34,0.12
07/03/2018,India,MALE,Light Vehicle,2015,Silver,Private,140000,03/09/2025 12:00,low,42,427,10,1,1,0.33,0.99
14/08/2016,Netherlands,MALE,Light Vehicle,2018,Gray,Private,180000,10/02/2026 12:00,low,59,428,7,1,1,0.17,0.99
07/03/2018,India,MALE,Light Vehicle,2016,Silver,Private,140000,03/09/2025 12:00,high,63,429,9,0,1,0.47,0.98
28/12/2015,Pakistan,MALE,Light Vehicle,2009,Maroon,Private,200000,25/06/2026 12:00,low,30,430,16,1,1,0.08,1
03/04/2016,Canada,MALE,Light Vehicle,2013,Red,Private,180000,30/09/2025 12:00,high,57,431,12,0,1,0.26,1
13/07/2018,Jordan,MALE,Light Vehicle,2020,Brown,Private,140000,09/01/2026 12:00,high,47,432,5,0,0,0.38,0.48
14/12/2017,Iraq,MALE,Light Vehicle,2013,Gray,Private,160000,12/06/2026 12:00,high,52,433,12,0,1,0.3,1
09/06/2021,Sri Lanka,MALE,Light Vehicle,2015,Blue,Private,80000,07/12/2025 12:00,medium,37,434,10,1,1,0.43,0.7
01/08/2017,Egypt,MALE,Light Vehicle,2020,Blue,Private,160000,28/01/2026 12:00,medium,42,435,5,0,1,0.18,0.72
26/01/2019,Egypt,MALE,Light Vehicle,2020,Red,Private,120000,25/07/2025 12:00,medium,30,436,5,0,0,0.34,0.26
18/06/2019,India,MALE,Light Vehicle,2014,Beige,Private,120000,15/12/2025 12:00,medium,54,437,11,0,1,0.3,0.99
06/02/2015,India,MALE,Light Vehicle,2021,White,Private,200000,04/08/2025 12:00,high,43,438,4,0,1,0.12,0.93
13/09/2019,Lebanon,MALE,Light Vehicle,2020,Black,Private,120000,12/03/2026 12:00,medium,48,439,5,0,0,0.33,0.17
07/04/2016,India,MALE,Light Vehicle,2015,Silver,Private,180000,04/10/2025 12:00,high,42,440,10,0,1,0.2,1
15/10/2021,India,MALE,Light Vehicle,2013,White,Private,80000,14/04/2026 12:00,low,49,441,12,1,1,0.66,0.98
17/01/2016,Egypt,MALE,Light Vehicle,2014,White,Private,180000,15/07/2025 12:00,low,41,442,11,1,1,0.14,1
06/12/2017,Syria,MALE,Light Vehicle,2006,Gray,Private,160000,04/06/2026 12:00,medium,38,443,19,0,1,0.13,1
25/08/2015,Egypt,MALE,Light Vehicle,2020,Golden,Private,200000,20/02/2026 12:00,medium,35,444,5,0,1,0.07,0.97
26/12/2021,Italy,MALE,Light Vehicle,2014,White,Private,80000,25/06/2026 12:00,medium,52,445,11,1,1,0.58,0.93
23/07/2018,Philippines,FEMALE,Light Vehicle,2021,Red,Private,140000,19/01/2026 12:00,high,47,446,4,0,0,0.33,0.23
08/03/2019,Emirates,MALE,Light Vehicle,2021,Black,Private,120000,04/09/2025 12:00,medium,29,447,4,0,0,0.37,0.11
05/07/2015,Pakistan,MALE,Light Vehicle,2007,Silver,Private,200000,31/12/2025 12:00,medium,35,448,18,0,1,0.06,1
09/04/2020,Emirates,MALE,Light Vehicle,2001,White,Private,100000,07/10/2025 12:00,high,25,449,24,0,1,0.54,1
05/07/2016,Canada,MALE,Light Vehicle,2021,Black,Private,180000,01/01/2026 12:00,medium,61,450,4,0,1,0.15,0.8
24/04/2021,Philippines,FEMALE,Light Vehicle,2010,Blue,Private,80000,22/10/2025 12:00,low,33,451,15,1,1,0.61,1
21/06/2016,India,MALE,Light Vehicle,2006,Silver,Private,180000,18/12/2025 12:00,medium,55,452,19,0,1,0.14,1
12/05/2016,Lebanon,MALE,Light Vehicle,2019,White,Private,180000,08/11/2025 12:00,high,41,453,6,0,1,0.17,0.97
12/04/2015,United Kingdom,MALE,Light Vehicle,2019,Black,Private,200000,08/10/2025 12:00,high,46,454,6,0,1,0.1,0.99
01/05/2018,Emirates,MALE,Light Vehicle,2021,Black,Private,140000,28/10/2025 12:00,medium,61,455,4,0,0,0.3,0.29
19/12/2018,Palestine,FEMALE,Light Vehicle,2021,Black,Private,140000,17/06/2026 12:00,high,38,456,4,0,0,0.3,0.26
02/07/2015,Bangladesh,MALE,Light Vehicle,2001,Silver,Private,200000,28/12/2025 12:00,high,42,457,24,0,1,0.16,1
19/06/2020,Italy,FEMALE,Light Vehicle,2016,White,Private,100000,17/12/2025 12:00,high,33,458,9,0,1,0.58,0.91
10/03/2018,Kenya,MALE,Light Vehicle,2014,White,Private,140000,06/09/2025 12:00,high,45,459,11,0,1,0.31,1
23/09/2018,Sudan,MALE,Light Vehicle,2011,Black,Private,140000,22/03/2026 12:00,low,54,460,14,1,1,0.32,1
03/02/2018,Egypt,MALE,Light Vehicle,2009,Blue,Private,140000,02/08/2025 12:00,medium,37,461,16,0,1,0.25,1
10/11/2017,United Kingdom,MALE,Light Vehicle,2020,Gray,Private,160000,09/05/2026 12:00,medium,49,462,5,0,1,0.11,0.81
10/12/2018,South Africa,MALE,Light Vehicle,2020,Silver,Private,140000,08/06/2026 12:00,medium,60,463,5,0,0,0.26,0.52
04/02/2016,Emirates,MALE,Light Vehicle,1971,Silver,Private,180000,02/08/2025 12:00,medium,57,464,54,0,1,0.17,1
18/04/2016,Syria,MALE,Light Vehicle,2015,Black,Private,180000,15/10/2025 12:00,low,36,465,10,1,1,0.11,1
13/01/2021,Kenya,MALE,Light Vehicle,2008,Silver,Private,80000,13/07/2025 12:00,high,48,466,17,1,1,0.7,1
04/09/2021,Egypt,FEMALE,Light Vehicle,2014,Black,Private,80000,04/03/2026 12:00,low,41,467,11,1,1,0.69,0.9
31/08/2017,India,MALE,Light Vehicle,2009,Silver,Private,160000,27/02/2026 12:00,medium,37,468,16,0,1,0.17,1
04/12/2016,Emirates,MALE,Light Vehicle,2015,Black,Private,180000,02/06/2026 12:00,medium,75,469,10,0,1,0.15,1
21/07/2019,Egypt,MALE,Light Vehicle,2020,White,Private,120000,17/01/2026 12:00,medium,42,470,5,0,0,0.36,0.18
25/11/2017,Syria,MALE,Light Vehicle,2008,Yellow,Private,160000,24/05/2026 12:00,high,41,471,17,0,1,0.22,1
12/03/2015,United Kingdom,MALE,Light Vehicle,2019,Black,Private,200000,07/09/2025 12:00,high,46,472,6,0,1,0.1,0.99
07/02/2016,Afghanistan,MALE,Light Vehicle,2020,White,Private,180000,05/08/2025 12:00,medium,36,473,5,0,1,0.14,0.88
06/01/2020,United Kingdom,MALE,Light Vehicle,2019,Silver,Private,100000,05/07/2025 12:00,medium,36,474,6,0,0,0.33,0.3
31/08/2019,Egypt,MALE,Light Vehicle,2006,White,Private,120000,27/02/2026 12:00,high,36,475,19,0,1,0.49,1
17/03/2015,Emirates,MALE,Light Vehicle,2020,White,Private,200000,12/09/2025 12:00,low,45,476,5,1,1,0.11,0.98
07/08/2016,Jordan,MALE,Light Vehicle,2014,White,Private,180000,03/02/2026 12:00,medium,35,477,11,0,1,0.1,1
01/09/2016,Pakistan,MALE,Light Vehicle,2019,Silver,Private,180000,28/02/2026 12:00,medium,34,478,6,0,1,0.08,0.98
06/10/2019,India,MALE,Light Vehicle,2015,White,Private,120000,04/04/2026 12:00,medium,42,479,10,0,1,0.27,0.96
24/02/2015,Yemen,MALE,Light Vehicle,2016,White,Private,200000,22/08/2025 12:00,medium,39,480,9,0,1,0.05,1
16/10/2015,India,MALE,Light Vehicle,2015,White,Private,200000,13/04/2026 12:00,high,32,481,10,0,1,0.13,1
25/08/2020,Egypt,MALE,Light Vehicle,2010,Black,Private,100000,22/02/2026 12:00,low,47,482,15,1,1,0.63,1
09/04/2016,India,MALE,Light Vehicle,2020,White,Private,180000,06/10/2025 12:00,medium,62,483,5,0,1,0.14,0.84
14/08/2019,India,MALE,Light Vehicle,2021,Blue,Private,120000,10/02/2026 12:00,high,38,484,4,0,0,0.42,0.09
21/09/2016,Lebanon,MALE,Light Vehicle,1995,Green,Private,180000,20/03/2026 12:00,high,48,485,30,0,1,0.26,1
03/10/2015,Sweden,FEMALE,Light Vehicle,2019,White,Private,200000,31/03/2026 12:00,medium,48,486,6,0,1,0.05,0.99
05/10/2016,Pakistan,MALE,Light Vehicle,2015,Silver,Private,180000,03/04/2026 12:00,medium,37,487,10,0,1,0.09,1
23/01/2020,Lebanon,MALE,Light Vehicle,2020,Black,Private,100000,22/07/2025 12:00,medium,48,488,5,0,0,0.44,0.06
29/12/2020,India,MALE,Light Vehicle,2020,Silver,Private,100000,28/06/2026 12:00,high,33,489,5,0,0,0.57,0.1
12/11/2020,Jordan,MALE,Light Vehicle,2021,Gray,Private,100000,12/05/2026 12:00,medium,54,490,4,0,0,0.39,0.03
03/11/2017,India,MALE,Light Vehicle,2015,Silver,Private,160000,02/05/2026 12:00,high,42,491,10,0,1,0.28,1
25/09/2019,Pakistan,MALE,Light Vehicle,2011,Black,Private,120000,24/03/2026 12:00,high,43,492,14,0,1,0.47,1
21/06/2016,India,MALE,Light Vehicle,2012,Green,Private,180000,18/12/2025 12:00,low,33,493,13,1,1,0.14,1
21/01/2017,India,MALE,Light Vehicle,2011,Black,Private,160000,20/07/2025 12:00,high,36,494,14,0,1,0.27,1
19/04/2021,Iraq,MALE,Light Vehicle,2019,Blue,Private,80000,17/10/2025 12:00,medium,45,495,6,1,0,0.53,0.04
06/02/2015,Serbia,FEMALE,Light Vehicle,2016,White,Private,200000,04/08/2025 12:00,medium,31,496,9,0,1,0.06,1
25/08/2015,Syria,MALE,Light Vehicle,2015,Black,Private,200000,20/02/2026 12:00,low,36,497,10,1,1,0.07,1
29/06/2016,Egypt,MALE,Light Vehicle,2009,Blue,Private,180000,26/12/2025 12:00,medium,37,498,16,0,1,0.12,1
15/03/2015,Nigeria,MALE,Light Vehicle,2015,Brown,Private,200000,10/09/2025 12:00,high,39,499,10,0,1,0.09,1
17/04/2016,India,MALE,Light Vehicle,2015,Gray,Private,180000,14/10/2025 12:00,medium,32,500,10,0,1,0.09,1
02/02/2019,Jordan,MALE,Light Vehicle,2021,Gray,Private,120000,01/08/2025 12:00,medium,54,501,4,0,0,0.29,0.1
18/12/2017,India,MALE,Light Vehicle,2021,White,Private,160000,16/06/2026 12:00,high,43,502,4,0,1,0.26,0.55
09/04/2021,United Kingdom,FEMALE,Light Vehicle,2017,Blue,Private,80000,07/10/2025 12:00,high,39,503,8,1,1,0.63,0.55
13/10/2020,Egypt,MALE,Trailer,2020,Beige,Private,100000,12/04/2026 12:00,medium,56,504,5,0,0,0.73,0.17
05/06/2017,India,FEMALE,Light Vehicle,2018,White,Private,160000,02/12/2025 12:00,medium,40,505,7,0,1,0.17,0.95
13/11/2016,Bangladesh,MALE,Light Vehicle,2008,White,Private,180000,12/05/2026 12:00,medium,31,506,17,0,1,0.12,1
17/09/2017,Pakistan,MALE,Light Vehicle,2009,Black,Private,160000,16/03/2026 12:00,high,39,507,16,0,1,0.25,1
22/02/2019,Emirates,FEMALE,Light Vehicle,2021,Black,Private,120000,21/08/2025 12:00,low,64,508,4,1,0,0.39,0.11
29/11/2016,Sri Lanka,MALE,Light Vehicle,2015,Blue,Private,180000,28/05/2026 12:00,medium,37,509,10,0,1,0.07,1
27/05/2019,Philippines,FEMALE,Light Vehicle,2017,White,Private,120000,23/11/2025 12:00,high,36,510,8,0,1,0.46,0.86
26/11/2017,Azerbaijan,MALE,Light Vehicle,2000,Silver,Private,160000,25/05/2026 12:00,low,28,511,25,1,1,0.29,1
26/11/2018,Spain,FEMALE,Light Vehicle,2008,Silver,Private,140000,25/05/2026 12:00,medium,29,512,17,0,1,0.18,1
21/01/2018,Emirates,MALE,Light Vehicle,2021,Black,Private,140000,20/07/2025 12:00,low,31,513,4,1,0,0.33,0.32
24/01/2017,Emirates,MALE,Light Vehicle,2003,White,Private,160000,23/07/2025 12:00,medium,24,514,22,0,1,0.14,1
10/09/2021,Emirates,FEMALE,Light Vehicle,2021,Silver,Private,80000,10/03/2026 12:00,medium,68,515,4,1,0,0.65,0.01
17/05/2020,Ethiopia,MALE,Light Vehicle,2014,Red,Private,100000,14/11/2025 12:00,medium,43,516,11,0,1,0.47,0.95
27/12/2015,Emirates,MALE,Light Vehicle,2015,Black,Private,200000,24/06/2026 12:00,medium,75,517,10,0,1,0.1,1
01/02/2021,United Kingdom,MALE,Light Vehicle,2014,White,Private,80000,01/08/2025 12:00,high,34,518,11,1,1,0.63,0.93
12/06/2018,India,MALE,Light Vehicle,2021,Black,Private,140000,09/12/2025 12:00,medium,62,519,4,0,0,0.22,0.26
14/04/2021,Pakistan,MALE,Light Vehicle,2008,White,Private,80000,12/10/2025 12:00,medium,50,520,17,1,1,0.57,1
25/08/2020,United Kingdom,FEMALE,Light Vehicle,2021,Black,Private,100000,22/02/2026 12:00,medium,51,521,4,0,0,0.37,0.05
25/12/2017,Jordan,MALE,Light Vehicle,2020,Red,Private,160000,23/06/2026 12:00,high,35,522,5,0,1,0.19,0.87
04/03/2015,Iran,MALE,Light Vehicle,2014,Lead,Private,200000,30/08/2025 12:00,medium,48,523,11,0,1,0.06,1
30/11/2016,Egypt,MALE,Trailer,2020,Beige,Private,180000,29/05/2026 12:00,medium,56,524,5,0,1,0.29,0.96
07/11/2018,China,MALE,Light Vehicle,2017,Black,Private,140000,06/05/2026 12:00,high,37,525,8,0,1,0.41,0.98
22/06/2019,Emirates,MALE,Light Vehicle,2001,White,Private,120000,19/12/2025 12:00,high,25,526,24,0,1,0.43,1
10/11/2016,India,MALE,Light Vehicle,2020,Gray,Private,180000,09/05/2026 12:00,high,38,527,5,0,1,0.2,0.92
25/12/2015,Philippines,FEMALE,Light Vehicle,2017,Silver,Private,200000,22/06/2026 12:00,high,34,528,8,0,1,0.12,1
20/11/2020,Lebanon,FEMALE,Light Vehicle,2020,Gray,Private,100000,20/05/2026 12:00,high,44,529,5,0,0,0.55,0.16
03/12/2021,China,MALE,Light Vehicle,2011,Black,Private,80000,02/06/2026 12:00,medium,29,530,14,1,1,0.57,1
26/09/2018,Egypt,MALE,Light Vehicle,2019,White,Private,140000,25/03/2026 12:00,medium,42,531,6,0,0,0.27,0.6
21/03/2016,Emirates,FEMALE,Light Vehicle,2011,Gray,Private,180000,17/09/2025 12:00,low,77,532,14,1,1,0.26,1
06/12/2016,India,MALE,Light Vehicle,2008,Silver,Private,180000,04/06/2026 12:00,low,32,533,17,1,1,0.14,1
20/02/2015,Pakistan,MALE,Light Vehicle,2007,Gray,Private,200000,18/08/2025 12:00,medium,44,534,18,0,1,0.07,1
08/06/2021,Emirates,MALE,Trailer,2021,Silver,Private,80000,06/12/2025 12:00,medium,53,535,4,1,0,0.79,0.03
15/11/2015,India,MALE,Light Vehicle,2015,Black,Private,200000,13/05/2026 12:00,low,53,536,10,1,1,0.11,1
15/01/2019,Syria,MALE,Light Vehicle,2008,Yellow,Private,120000,14/07/2025 12:00,high,41,537,17,0,1,0.42,1
10/12/2016,India,MALE,Light Vehicle,2013,Black,Private,180000,08/06/2026 12:00,high,33,538,12,0,1,0.18,1
30/11/2018,Egypt,FEMALE,Light Vehicle,2014,Black,Private,140000,29/05/2026 12:00,low,41,539,11,1,1,0.35,1
10/08/2019,Iran,FEMALE,Light Vehicle,1990,White,Private,120000,06/02/2026 12:00,high,33,540,35,0,1,0.54,1
11/11/2020,Emirates,MALE,Light Vehicle,2015,White,Private,100000,11/05/2026 12:00,low,51,541,10,1,1,0.56,0.94
25/06/2016,Emirates,MALE,Light Vehicle,2021,Black,Private,180000,22/12/2025 12:00,medium,29,542,4,0,1,0.13,0.81
31/01/2015,Jordan,MALE,Light Vehicle,2015,Silver,Private,200000,29/07/2025 12:00,medium,41,543,10,0,1,0.06,1
21/12/2015,Algeria,MALE,Light Vehicle,2014,White,Private,200000,18/06/2026 12:00,high,33,544,11,0,1,0.15,1
29/04/2021,India,MALE,Light Vehicle,2015,White,Private,80000,27/10/2025 12:00,high,32,545,10,1,1,0.71,0.84
16/02/2021,Jordan,MALE,Light Vehicle,2015,Black,Private,80000,16/08/2025 12:00,medium,43,546,10,1,1,0.5,0.82
14/03/2019,Yemen,MALE,Light Vehicle,2014,White,Private,120000,10/09/2025 12:00,medium,44,547,11,0,1,0.27,0.99
22/03/2019,Syria,MALE,Light Vehicle,2007,White,Private,120000,18/09/2025 12:00,medium,46,548,18,0,1,0.27,1
17/09/2019,Oman,MALE,Light Vehicle,2016,White,Private,120000,16/03/2026 12:00,medium,41,549,9,0,1,0.31,0.92
31/03/2016,United States,FEMALE,Trailer,2016,White,Private,180000,27/09/2025 12:00,low,58,550,9,1,1,0.31,1
08/06/2021,India,MALE,Light Vehicle,2015,Black,Private,80000,06/12/2025 12:00,medium,37,551,10,1,1,0.56,0.74
13/12/2017,Bangladesh,MALE,Light Vehicle,2008,White,Private,160000,11/06/2026 12:00,medium,31,552,17,0,1,0.18,1
27/09/2017,Sudan,MALE,Light Vehicle,2011,Black,Private,160000,26/03/2026 12:00,low,54,553,14,1,1,0.23,1
08/09/2018,Egypt,MALE,Light Vehicle,2015,Green,Private,140000,07/03/2026 12:00,low,54,554,10,1,1,0.39,0.99
11/05/2015,United Kingdom,FEMALE,Light Vehicle,2017,Blue,Private,200000,06/11/2025 12:00,high,39,555,8,0,1,0.09,1
06/03/2016,India,MALE,Light Vehicle,2015,Silver,Private,180000,02/09/2025 12:00,low,46,556,10,1,1,0.15,1
07/03/2020,Emirates,FEMALE,Light Vehicle,2021,Silver,Private,100000,04/09/2025 12:00,medium,68,557,4,0,0,0.54,0.04
18/08/2015,Switzerland,FEMALE,Light Vehicle,2021,Gray,Private,200000,13/02/2026 12:00,high,42,558,4,0,1,0.12,0.96
30/03/2019,Iran,MALE,Light Vehicle,2014,Lead,Private,120000,26/09/2025 12:00,medium,48,559,11,0,1,0.28,0.99
11/10/2016,Iraq,MALE,Light Vehicle,2016,Yellow,Private,180000,09/04/2026 12:00,medium,29,560,9,0,1,0.14,1
14/10/2017,Egypt,MALE,Light Vehicle,2015,Blue,Private,160000,12/04/2026 12:00,high,40,561,10,0,1,0.3,1
08/01/2017,Emirates,MALE,Trailer,2014,Silver,Private,160000,07/07/2025 12:00,low,55,562,11,1,1,0.47,1
13/07/2017,United Kingdom,MALE,Light Vehicle,2019,Black,Private,160000,09/01/2026 12:00,high,46,563,6,0,1,0.22,0.95
14/01/2020,India,MALE,Light Vehicle,2016,Lead,Private,100000,13/07/2025 12:00,medium,27,564,9,0,1,0.4,0.81
01/02/2017,Iran,MALE,Light Vehicle,2014,Lead,Private,160000,31/07/2025 12:00,medium,48,565,11,0,1,0.13,1
22/12/2018,Iraq,MALE,Light Vehicle,2019,Blue,Private,140000,20/06/2026 12:00,medium,45,566,6,0,0,0.22,0.6
12/05/2018,France,MALE,Light Vehicle,2013,Blue,Private,140000,08/11/2025 12:00,medium,45,567,12,0,1,0.25,1
13/09/2019,India,MALE,Light Vehicle,2015,Blue,Private,120000,12/03/2026 12:00,medium,54,568,10,0,1,0.32,0.97
09/08/2021,China,MALE,Light Vehicle,2012,Lead,Private,80000,06/02/2026 12:00,medium,35,569,13,1,1,0.57,0.99
21/02/2020,Egypt,FEMALE,Light Vehicle,2021,White,Private,100000,20/08/2025 12:00,medium,39,570,4,0,0,0.47,0.03
18/07/2016,Bangladesh,MALE,Light Vehicle,2003,Maroon,Private,180000,14/01/2026 12:00,medium,46,571,22,0,1,0.13,1
28/03/2015,India,MALE,Light Vehicle,2004,White,Private,200000,23/09/2025 12:00,high,63,572,21,0,1,0.18,1
18/11/2016,Philippines,FEMALE,Light Vehicle,2017,White,Private,180000,17/05/2026 12:00,high,36,573,8,0,1,0.18,1
07/03/2019,India,MALE,Light Vehicle,2018,Blue,Private,120000,03/09/2025 12:00,high,43,574,7,0,0,0.52,0.69
23/05/2015,Italy,MALE,Light Vehicle,2021,Black,Private,200000,18/11/2025 12:00,low,66,575,4,1,1,0.08,0.91
07/07/2018,Emirates,MALE,Light Vehicle,2021,White,Private,140000,03/01/2026 12:00,low,69,576,4,1,0,0.38,0.3
12/03/2019,Pakistan,FEMALE,Light Vehicle,2016,Black,Private,120000,08/09/2025 12:00,medium,53,577,9,0,1,0.37,0.9
15/05/2017,Emirates,FEMALE,Light Vehicle,2021,White,Private,160000,11/11/2025 12:00,high,55,578,4,0,1,0.33,0.7
06/06/2020,India,MALE,Light Vehicle,2014,Beige,Private,100000,04/12/2025 12:00,medium,54,579,11,0,1,0.41,0.97
23/10/2015,Egypt,MALE,Light Vehicle,2009,Silver,Private,200000,20/04/2026 12:00,medium,46,580,16,0,1,0.09,1
28/07/2015,Emirates,FEMALE,Light Vehicle,2011,Gray,Private,200000,23/01/2026 12:00,low,77,581,14,1,1,0.18,1
08/02/2020,Emirates,MALE,Light Vehicle,2020,Gray,Private,100000,07/08/2025 12:00,low,27,582,5,1,0,0.49,0.1
05/07/2018,Pakistan,FEMALE,Light Vehicle,2016,Black,Private,140000,01/01/2026 12:00,medium,53,583,9,0,1,0.27,0.97
14/11/2019,China,MALE,Light Vehicle,2017,Black,Private,120000,13/05/2026 12:00,high,37,584,8,0,1,0.52,0.94
18/01/2018,Emirates,MALE,Light Vehicle,1990,Lead,Private,140000,17/07/2025 12:00,medium,44,585,35,0,1,0.32,1
14/10/2016,Egypt,MALE,Light Vehicle,2010,Black,Private,180000,12/04/2026 12:00,low,47,586,15,1,1,0.21,1
17/10/2020,South Africa,MALE,Light Vehicle,2020,Silver,Private,100000,16/04/2026 12:00,medium,60,587,5,0,0,0.47,0.1
24/08/2020,Pakistan,MALE,Light Vehicle,2021,White,Private,100000,21/02/2026 12:00,medium,63,588,4,0,0,0.41,0.01
26/11/2019,Philippines,MALE,Light Vehicle,2016,White,Private,120000,25/05/2026 12:00,medium,43,589,9,0,1,0.3,0.91
06/12/2016,Emirates,MALE,Light Vehicle,2006,White,Private,180000,04/06/2026 12:00,low,32,590,19,1,1,0.12,1
22/02/2019,Sudan,MALE,Light Vehicle,2018,White,Private,120000,21/08/2025 12:00,high,39,591,7,0,0,0.38,0.69
28/07/2017,Iran,MALE,Light Vehicle,2014,Lead,Private,160000,24/01/2026 12:00,medium,48,592,11,0,1,0.13,1
11/09/2015,India,MALE,Light Vehicle,2015,Silver,Private,200000,09/03/2026 12:00,high,42,593,10,0,1,0.13,1
16/06/2021,Iran,FEMALE,Light Vehicle,2020,White,Private,80000,14/12/2025 12:00,medium,66,594,5,1,0,0.65,0.03
21/12/2015,United Kingdom,MALE,Light Vehicle,2016,White,Private,200000,18/06/2026 12:00,medium,49,595,9,0,1,0.05,1
15/09/2021,United Kingdom,FEMALE,Light Vehicle,2018,White,Private,80000,15/03/2026 12:00,medium,58,596,7,1,0,0.55,0.2
18/02/2018,Oman,MALE,Light Vehicle,2016,White,Private,140000,17/08/2025 12:00,medium,41,597,9,0,1,0.22,0.97
27/04/2016,Emirates,MALE,Light Vehicle,2014,Golden,Private,180000,24/10/2025 12:00,low,36,598,11,1,1,0.12,1
07/11/2018,Emirates,MALE,Light Vehicle,2021,White,Private,140000,06/05/2026 12:00,low,41,599,4,1,0,0.31,0.25
13/02/2021,Iran,MALE,Light Vehicle,2017,Black,Private,80000,13/08/2025 12:00,medium,39,600,8,1,1,0.54,0.34
20/02/2020,Jordan,MALE,Light Vehicle,2013,Lead,Private,100000,19/08/2025 12:00,low,36,601,12,1,1,0.51,0.99
13/09/2020,Syria,MALE,Light Vehicle,2007,White,Private,100000,13/03/2026 12:00,medium,46,602,18,0,1,0.37,1
31/08/2019,India,MALE,Light Vehicle,2014,Silver,Private,120000,27/02/2026 12:00,high,39,603,11,0,1,0.5,0.99
21/11/2019,Emirates,MALE,Light Vehicle,2017,Gray,Private,120000,20/05/2026 12:00,high,24,604,8,0,1,0.38,0.87
17/12/2020,Palestine,MALE,Motor Cycle,2020,Black,Private,100000,16/06/2026 12:00,low,42,605,5,1,0,0.59,0.14
23/10/2016,India,MALE,Light Vehicle,2007,White,Private,180000,21/04/2026 12:00,medium,58,606,18,0,1,0.14,1
18/06/2018,Iran,FEMALE,Light Vehicle,2020,White,Private,140000,15/12/2025 12:00,medium,66,607,5,0,0,0.32,0.53
05/08/2016,Pakistan,MALE,Light Vehicle,2007,Silver,Private,180000,01/02/2026 12:00,medium,35,608,18,0,1,0.09,1
09/12/2021,Iraq,FEMALE,Light Vehicle,2020,White,Private,80000,08/06/2026 12:00,medium,49,609,5,1,0,0.56,0.02
29/08/2021,India,MALE,Light Vehicle,2015,Black,Private,80000,26/02/2026 12:00,low,53,610,10,1,1,0.68,0.84
20/04/2015,India,FEMALE,Light Vehicle,2020,Gray,Private,200000,16/10/2025 12:00,low,56,611,5,1,1,0.12,0.98
16/12/2019,Pakistan,MALE,Light Vehicle,2009,Silver,Private,120000,14/06/2026 12:00,low,28,612,16,1,1,0.33,1
08/07/2021,Tunisia,MALE,Light Vehicle,2008,Gray,Private,80000,05/01/2026 12:00,high,33,613,17,1,1,0.64,1
14/04/2016,India,MALE,Light Vehicle,2004,White,Private,180000,11/10/2025 12:00,high,63,614,21,0,1,0.25,1
25/12/2018,Emirates,MALE,Trailer,2014,Silver,Private,140000,23/06/2026 12:00,low,55,615,11,1,1,0.59,1
11/06/2021,Iran,MALE,Light Vehicle,2017,Black,Private,80000,09/12/2025 12:00,medium,39,616,8,1,1,0.54,0.34
05/04/2015,India,MALE,Light Vehicle,2021,Silver,Private,200000,01/10/2025 12:00,medium,46,617,4,0,1,0.07,0.94
01/12/2019,Emirates,MALE,Trailer,2006,Silver,Private,120000,30/05/2026 12:00,high,44,618,19,0,1,0.74,1
01/02/2017,Palestine,MALE,Motor Cycle,2020,Black,Private,160000,31/07/2025 12:00,low,42,619,5,1,1,0.26,0.84
06/07/2021,Egypt,MALE,Light Vehicle,2015,Blue,Private,80000,03/01/2026 12:00,high,40,620,10,1,1,0.74,0.8
08/11/2021,Lebanon,FEMALE,Light Vehicle,2020,Gray,Private,80000,08/05/2026 12:00,high,44,621,5,1,0,0.66,0.05
30/08/2021,Pakistan,MALE,Light Vehicle,2008,White,Private,80000,27/02/2026 12:00,medium,43,622,17,1,1,0.53,1
07/05/2018,United Kingdom,MALE,Light Vehicle,2020,Gray,Private,140000,03/11/2025 12:00,medium,49,623,5,0,0,0.17,0.57
14/01/2021,United Kingdom,MALE,Light Vehicle,2014,Yellow,Private,80000,14/07/2025 12:00,low,47,624,11,1,1,0.6,0.94
08/12/2020,Emirates,MALE,Trailer,2006,Silver,Private,100000,07/06/2026 12:00,high,44,625,19,0,1,0.82,1
03/04/2017,Emirates,MALE,Light Vehicle,2015,White,Private,160000,30/09/2025 12:00,low,51,626,10,1,1,0.24,1
09/11/2020,Emirates,MALE,Trailer,2006,Silver,Private,100000,09/05/2026 12:00,high,44,627,19,0,1,0.82,1
13/04/2015,Emirates,MALE,Light Vehicle,2015,Black,Private,200000,09/10/2025 12:00,medium,75,628,10,0,1,0.1,1
10/03/2019,India,MALE,Light Vehicle,2018,Blue,Private,120000,06/09/2025 12:00,high,43,629,7,0,0,0.52,0.69
29/08/2016,Emirates,MALE,Trailer,2006,Silver,Private,180000,25/02/2026 12:00,high,44,630,19,0,1,0.41,1
21/11/2015,Afghanistan,MALE,Light Vehicle,2020,White,Private,200000,19/05/2026 12:00,medium,36,631,5,0,1,0.09,0.96
02/08/2015,Emirates,MALE,Light Vehicle,2020,Black,Private,200000,28/01/2026 12:00,low,29,632,5,1,1,0.09,0.97
29/11/2019,India,MALE,Light Vehicle,2021,Red,Private,120000,28/05/2026 12:00,medium,31,633,4,0,0,0.29,0.1
30/05/2017,Egypt,MALE,Light Vehicle,2006,White,Private,160000,26/11/2025 12:00,high,36,634,19,0,1,0.27,1
30/01/2020,South Korea,MALE,Light Vehicle,2021,Blue,Private,100000,29/07/2025 12:00,low,44,635,4,1,0,0.46,0.06
01/07/2015,Indonesia,MALE,Light Vehicle,2008,White,Private,200000,27/12/2025 12:00,medium,40,636,17,0,1,0.06,1
23/03/2017,Iran,FEMALE,Light Vehicle,2020,White,Private,160000,19/09/2025 12:00,medium,66,637,5,0,1,0.22,0.78
03/11/2018,United Kingdom,MALE,Light Vehicle,2016,White,Private,140000,02/05/2026 12:00,medium,49,638,9,0,1,0.19,0.98
31/07/2020,Yemen,MALE,Light Vehicle,2010,Silver,Private,100000,28/01/2026 12:00,medium,26,639,15,0,1,0.32,1
02/04/2017,Emirates,MALE,Light Vehicle,2015,Blue,Private,160000,29/09/2025 12:00,high,33,640,10,0,1,0.28,1
01/06/2019,Emirates,MALE,Light Vehicle,2020,Black,Private,120000,28/11/2025 12:00,low,29,641,5,1,0,0.38,0.25
21/03/2021,Egypt,MALE,Light Vehicle,2009,Blue,Private,80000,18/09/2025 12:00,medium,37,642,16,1,1,0.58,1
04/05/2019,India,MALE,Light Vehicle,2015,Black,Private,120000,31/10/2025 12:00,low,53,643,10,1,1,0.45,0.98
06/09/2016,India,MALE,Light Vehicle,2015,White,Private,180000,05/03/2026 12:00,high,32,644,10,0,1,0.19,1
09/03/2015,India,MALE,Light Vehicle,2004,White,Private,200000,04/09/2025 12:00,high,63,645,21,0,1,0.18,1
05/02/2021,India,MALE,Light Vehicle,2014,Silver,Private,80000,05/08/2025 12:00,high,39,646,11,1,1,0.72,0.91
28/02/2015,Italy,MALE,Light Vehicle,2021,White,Private,200000,26/08/2025 12:00,medium,40,647,4,0,1,0.06,0.95
18/02/2021,Philippines,FEMALE,Light Vehicle,2013,Gray,Private,80000,18/08/2025 12:00,high,40,648,12,1,1,0.69,0.96
05/10/2018,India,MALE,Motor Cycle,2015,Blue,Private,140000,03/04/2026 12:00,medium,38,649,10,0,1,0.33,0.99
15/08/2021,India,MALE,Light Vehicle,2021,Black,Private,80000,12/02/2026 12:00,high,44,650,4,1,0,0.6,0.02
22/08/2020,Emirates,MALE,Light Vehicle,2008,White,Private,100000,19/02/2026 12:00,medium,35,651,17,0,1,0.46,1
28/12/2021,Yemen,MALE,Light Vehicle,1999,White,Private,80000,27/06/2026 12:00,medium,43,652,26,1,1,0.49,1
29/06/2017,Jordan,MALE,Light Vehicle,2015,Black,Private,160000,26/12/2025 12:00,medium,43,653,10,0,1,0.13,1
26/05/2020,Pakistan,MALE,Light Vehicle,2011,Beige,Private,100000,23/11/2025 12:00,high,44,654,14,0,1,0.59,1
12/11/2017,Nigeria,MALE,Light Vehicle,2015,Brown,Private,160000,11/05/2026 12:00,high,39,655,10,0,1,0.19,1
22/05/2018,Philippines,FEMALE,Light Vehicle,2008,Orange,Private,140000,18/11/2025 12:00,medium,37,656,17,0,1,0.2,1
05/06/2019,Tanzania,MALE,Light Vehicle,2021,Blue,Private,120000,02/12/2025 12:00,medium,69,657,4,0,0,0.28,0.04
15/02/2021,Emirates,MALE,Light Vehicle,2014,White,Private,80000,15/08/2025 12:00,medium,53,658,11,1,1,0.63,0.93
02/12/2021,India,MALE,Light Vehicle,2014,Silver,Private,80000,01/06/2026 12:00,high,39,659,11,1,1,0.72,0.91
30/05/2020,United States,MALE,Light Vehicle,2014,Lead,Private,100000,27/11/2025 12:00,medium,54,660,11,0,1,0.32,0.97
11/12/2017,Iraq,MALE,Light Vehicle,2008,Golden,Private,160000,09/06/2026 12:00,high,29,661,17,0,1,0.22,1
18/12/2017,France,MALE,Light Vehicle,2018,White,Private,160000,16/06/2026 12:00,high,43,662,7,0,1,0.32,0.98
05/03/2020,Emirates,MALE,Light Vehicle,2021,Black,Private,100000,02/09/2025 12:00,low,54,663,4,1,0,0.46,0.04
23/09/2016,India,MALE,Light Vehicle,2020,Gray,Private,180000,22/03/2026 12:00,high,38,664,5,0,1,0.2,0.92
02/11/2015,Emirates,MALE,Light Vehicle,2015,Beige,Private,200000,30/04/2026 12:00,medium,34,665,10,0,1,0.05,1
10/07/2017,India,MALE,Light Vehicle,2018,Blue,Private,160000,06/01/2026 12:00,high,43,666,7,0,1,0.3,0.96
04/01/2017,Philippines,FEMALE,Light Vehicle,2020,White,Private,160000,03/07/2025 12:00,high,37,667,5,0,1,0.26,0.79
29/01/2017,Sudan,MALE,Light Vehicle,2011,White,Private,160000,28/07/2025 12:00,low,32,668,14,1,1,0.16,1
08/09/2016,Jordan,MALE,Light Vehicle,2013,Lead,Private,180000,07/03/2026 12:00,low,36,669,12,1,1,0.14,1
27/04/2015,Germany,MALE,Light Vehicle,2017,Blue,Private,200000,23/10/2025 12:00,medium,37,670,8,0,1,0.07,1
19/02/2015,Jordan,MALE,Light Vehicle,2021,Gray,Private,200000,17/08/2025 12:00,medium,54,671,4,0,1,0.06,0.92
09/12/2021,Yemen,MALE,Light Vehicle,2010,Silver,Private,80000,08/06/2026 12:00,medium,26,672,15,1,1,0.43,1
30/12/2017,Sudan,MALE,Light Vehicle,2011,Black,Private,160000,28/06/2026 12:00,low,54,673,14,1,1,0.23,1
30/09/2017,Germany,MALE,Light Vehicle,2015,Red,Private,160000,29/03/2026 12:00,medium,57,674,10,0,1,0.21,1
27/10/2019,Germany,MALE,Light Vehicle,2017,Blue,Private,120000,25/04/2026 12:00,medium,37,675,8,0,1,0.32,0.9
28/07/2016,Switzerland,FEMALE,Light Vehicle,2021,Gray,Private,180000,24/01/2026 12:00,high,42,676,4,0,1,0.17,0.89
14/09/2021,India,MALE,Light Vehicle,2017,White,Private,80000,14/03/2026 12:00,high,39,677,8,1,1,0.65,0.47
19/07/2020,Pakistan,MALE,Light Vehicle,2004,White,Private,100000,16/01/2026 12:00,medium,34,678,21,0,1,0.39,1
05/09/2015,Emirates,MALE,Light Vehicle,2006,White,Private,200000,03/03/2026 12:00,low,32,679,19,1,1,0.08,1
11/12/2017,Egypt,MALE,Light Vehicle,2015,White,Private,160000,09/06/2026 12:00,low,71,680,10,1,1,0.25,0.99
02/03/2021,Serbia,FEMALE,Light Vehicle,2016,White,Private,80000,30/08/2025 12:00,medium,31,681,9,1,1,0.49,0.72
31/08/2021,Syria,MALE,Light Vehicle,2008,Yellow,Private,80000,28/02/2026 12:00,high,41,682,17,1,1,0.65,1
18/04/2018,Emirates,MALE,Light Vehicle,2021,Black,Private,140000,15/10/2025 12:00,low,31,683,4,1,0,0.33,0.32
27/04/2019,Kyrgyzstan,MALE,Light Vehicle,2007,White,Private,120000,24/10/2025 12:00,high,36,684,18,0,1,0.48,1
08/03/2016,Greece,MALE,Light Vehicle,2015,White,Private,180000,04/09/2025 12:00,medium,38,685,10,0,1,0.14,1
15/12/2021,Pakistan,MALE,Light Vehicle,2020,White,Private,80000,14/06/2026 12:00,medium,43,686,5,1,0,0.48,0.02
03/09/2016,Emirates,MALE,Trailer,2021,Silver,Private,180000,02/03/2026 12:00,medium,53,687,4,0,1,0.26,0.9
25/08/2021,Kenya,FEMALE,Light Vehicle,2014,White,Private,80000,22/02/2026 12:00,high,44,688,11,1,1,0.7,0.9
05/08/2019,Jordan,MALE,Light Vehicle,2021,Gray,Private,120000,01/02/2026 12:00,medium,54,689,4,0,0,0.29,0.1
11/04/2019,France,MALE,Light Vehicle,2018,White,Private,120000,08/10/2025 12:00,high,43,690,7,0,0,0.54,0.82
21/08/2018,Sudan,MALE,Light Vehicle,2011,Black,Private,140000,17/02/2026 12:00,low,54,691,14,1,1,0.32,1
31/08/2016,Emirates,MALE,Light Vehicle,2021,Gray,Private,180000,27/02/2026 12:00,high,44,692,4,0,1,0.2,0.9
03/04/2016,Egypt,MALE,Light Vehicle,2005,Blue,Private,180000,30/09/2025 12:00,medium,25,693,20,0,1,0.1,1
03/08/2016,Syria,MALE,Light Vehicle,2007,Black,Private,180000,30/01/2026 12:00,low,33,694,18,1,1,0.11,1
01/05/2016,Afghanistan,MALE,Light Vehicle,2020,White,Private,180000,28/10/2025 12:00,medium,36,695,5,0,1,0.14,0.88
30/06/2020,United Kingdom,MALE,Light Vehicle,2016,White,Private,100000,28/12/2025 12:00,medium,49,696,9,0,1,0.38,0.86
28/06/2017,Pakistan,MALE,Light Vehicle,2015,Silver,Private,160000,25/12/2025 12:00,medium,37,697,10,0,1,0.14,1
10/06/2015,Jordan,MALE,Light Vehicle,2021,Black,Private,200000,06/12/2025 12:00,high,45,698,4,0,1,0.12,0.95
04/11/2021,France,FEMALE,Light Vehicle,2018,Silver alloy,Private,80000,04/05/2026 12:00,high,35,699,7,1,0,0.71,0.33
15/03/2021,Egypt,FEMALE,Light Vehicle,2011,White,Private,80000,12/09/2025 12:00,high,36,700,14,1,1,0.68,0.99
15/07/2021,India,MALE,Light Vehicle,2004,White,Private,80000,12/01/2026 12:00,high,63,701,21,1,1,0.78,1
22/12/2021,Azerbaijan,MALE,Light Vehicle,2000,Silver,Private,80000,21/06/2026 12:00,low,28,702,25,1,1,0.73,1
27/03/2016,Iran,MALE,Light Vehicle,2017,Black,Private,180000,23/09/2025 12:00,medium,39,703,8,0,1,0.1,0.99
02/11/2017,Emirates,MALE,Trailer,2021,Silver,Private,160000,01/05/2026 12:00,medium,53,704,4,0,1,0.36,0.73
02/05/2020,Germany,MALE,Light Vehicle,2015,Red,Private,100000,30/10/2025 12:00,medium,57,705,10,0,1,0.52,0.94
28/11/2019,Pakistan,MALE,Light Vehicle,2015,Silver,Private,120000,27/05/2026 12:00,medium,37,706,10,0,1,0.29,0.98
31/01/2016,India,MALE,Light Vehicle,2011,Black,Private,180000,29/07/2025 12:00,high,36,707,14,0,1,0.19,1
08/10/2020,Emirates,MALE,Light Vehicle,2021,Black,Private,100000,07/04/2026 12:00,medium,29,708,4,0,0,0.48,0.04
14/08/2016,India,FEMALE,Light Vehicle,2020,Gray,Private,180000,10/02/2026 12:00,low,56,709,5,1,1,0.18,0.94
12/08/2016,Egypt,MALE,Light Vehicle,2006,White,Private,180000,08/02/2026 12:00,high,36,710,19,0,1,0.19,1
28/10/2018,Emirates,MALE,Light Vehicle,2014,Blue,Private,140000,26/04/2026 12:00,low,36,711,11,1,1,0.31,1
01/03/2019,India,MALE,Light Vehicle,2016,Silver,Private,120000,28/08/2025 12:00,high,63,712,9,0,1,0.59,0.95
25/01/2019,Emirates,MALE,Light Vehicle,2021,White,Private,120000,24/07/2025 12:00,low,41,713,4,1,0,0.42,0.09
11/09/2015,Emirates,FEMALE,Light Vehicle,2012,Black,Private,200000,09/03/2026 12:00,medium,35,714,13,0,1,0.07,1
26/02/2021,Emirates,MALE,Trailer,2006,Silver,Private,80000,26/08/2025 12:00,high,44,715,19,1,1,0.88,1
24/11/2016,Emirates,MALE,Light Vehicle,2013,White,Private,180000,23/05/2026 12:00,low,47,716,12,1,1,0.18,1
07/12/2015,South Africa,MALE,Light Vehicle,2020,Silver,Private,200000,04/06/2026 12:00,medium,60,717,5,0,1,0.08,0.97
29/03/2021,Jordan,MALE,Light Vehicle,2021,Black,Private,80000,26/09/2025 12:00,high,45,718,4,1,0,0.7,0.02
30/09/2021,Iran,FEMALE,Light Vehicle,1990,White,Private,80000,30/03/2026 12:00,high,33,719,35,1,1,0.75,1
14/01/2021,Emirates,MALE,Light Vehicle,2021,Gray,Private,80000,14/07/2025 12:00,high,44,720,4,1,0,0.72,0.02
21/09/2020,Emirates,MALE,Trailer,2021,Silver,Private,100000,21/03/2026 12:00,medium,53,721,4,0,0,0.7,0.08
21/08/2019,India,FEMALE,Light Vehicle,2014,White,Private,120000,17/02/2026 12:00,medium,51,722,11,0,1,0.33,0.99
24/11/2018,Sudan,MALE,Light Vehicle,2011,White,Private,140000,23/05/2026 12:00,low,32,723,14,1,1,0.23,1
29/08/2015,Yemen,MALE,Light Vehicle,2016,White,Private,200000,24/02/2026 12:00,medium,39,724,9,0,1,0.05,1
24/11/2017,United Kingdom,MALE,Light Vehicle,2017,Gray,Private,160000,23/05/2026 12:00,medium,50,725,8,0,1,0.11,0.98
29/08/2017,Syria,MALE,Light Vehicle,2013,White,Private,160000,25/02/2026 12:00,medium,37,726,12,0,1,0.12,1
13/11/2016,Serbia,FEMALE,Light Vehicle,2016,White,Private,180000,12/05/2026 12:00,medium,31,727,9,0,1,0.09,1
26/01/2020,India,MALE,Light Vehicle,2020,Gray,Private,100000,25/07/2025 12:00,medium,42,728,5,0,0,0.46,0.07
06/07/2018,Pakistan,MALE,Light Vehicle,2019,Silver,Private,140000,02/01/2026 12:00,medium,34,729,6,0,0,0.18,0.81
13/08/2015,India,MALE,Light Vehicle,2021,Black,Private,200000,08/02/2026 12:00,medium,62,730,4,0,1,0.06,0.92
02/08/2016,India,MALE,Light Vehicle,2011,Black,Private,180000,29/01/2026 12:00,high,36,731,14,0,1,0.19,1
04/11/2019,India,MALE,Light Vehicle,2020,Golden,Private,120000,03/05/2026 12:00,medium,55,732,5,0,0,0.39,0.27
30/07/2015,India,MALE,Light Vehicle,2016,Silver,Private,200000,25/01/2026 12:00,high,63,733,9,0,1,0.18,1
20/12/2020,Emirates,FEMALE,Light Vehicle,2006,Blue,Private,100000,19/06/2026 12:00,high,53,734,19,0,1,0.62,1
04/07/2018,Pakistan,MALE,Light Vehicle,2008,White,Private,140000,31/12/2025 12:00,medium,50,735,17,0,1,0.24,1
24/05/2018,Yemen,MALE,Light Vehicle,2014,White,Private,140000,20/11/2025 12:00,medium,44,736,11,0,1,0.19,1
28/02/2019,Netherlands,MALE,Light Vehicle,2018,Gray,Private,120000,27/08/2025 12:00,low,59,737,7,1,0,0.46,0.77
01/11/2020,Pakistan,MALE,Light Vehicle,2015,Silver,Private,100000,01/05/2026 12:00,medium,37,738,10,0,1,0.39,0.95
21/06/2017,United Kingdom,MALE,Light Vehicle,2017,Gray,Private,160000,18/12/2025 12:00,medium,50,739,8,0,1,0.11,0.98
23/10/2019,United Kingdom,MALE,Light Vehicle,2014,White,Private,120000,21/04/2026 12:00,high,34,740,11,0,1,0.4,0.99
21/12/2018,Emirates,MALE,Light Vehicle,2001,White,Private,140000,19/06/2026 12:00,high,25,741,24,0,1,0.32,1
27/11/2016,India,MALE,Light Vehicle,2017,Blue,Private,180000,26/05/2026 12:00,high,41,742,8,0,1,0.2,0.99
01/03/2021,Yemen,MALE,Light Vehicle,1999,White,Private,80000,29/08/2025 12:00,medium,43,743,26,1,1,0.49,1
18/08/2020,Emirates,MALE,Light Vehicle,2006,White,Private,100000,15/02/2026 12:00,low,32,744,19,1,1,0.48,1
30/08/2019,China,MALE,Light Vehicle,2011,Black,Private,120000,26/02/2026 12:00,medium,29,745,14,0,1,0.35,1
19/12/2020,India,MALE,Light Vehicle,2021,Blue,Private,100000,18/06/2026 12:00,medium,49,746,4,0,0,0.46,0.02
28/01/2021,Syria,MALE,Light Vehicle,2014,White,Private,80000,28/07/2025 12:00,medium,25,747,11,1,1,0.42,0.9
21/12/2019,Turkey,MALE,Light Vehicle,2020,Black,Private,120000,19/06/2026 12:00,medium,42,748,5,0,0,0.29,0.33
24/11/2020,Canada,MALE,Light Vehicle,2013,Red,Private,100000,24/05/2026 12:00,high,57,749,12,0,1,0.7,0.99
01/12/2019,Iraq,MALE,Light Vehicle,2014,White,Private,120000,30/05/2026 12:00,high,41,750,11,0,1,0.43,0.99
29/10/2019,India,FEMALE,Light Vehicle,2021,Gray,Private,120000,27/04/2026 12:00,medium,38,751,4,0,0,0.34,0.09
11/05/2019,Egypt,FEMALE,Light Vehicle,2015,Blue,Private,120000,07/11/2025 12:00,high,33,752,10,0,1,0.51,0.98
16/04/2020,Iran,MALE,Light Vehicle,2015,Maroon,Private,100000,14/10/2025 12:00,medium,52,753,10,0,1,0.4,0.92
13/02/2016,Syria,MALE,Light Vehicle,2019,Black,Private,180000,11/08/2025 12:00,low,38,754,6,1,1,0.08,0.96
07/03/2021,Egypt,MALE,Light Vehicle,2014,White,Private,80000,04/09/2025 12:00,low,41,755,11,1,1,0.62,0.91
10/02/2021,Kenya,MALE,Light Vehicle,2008,Silver,Private,80000,10/08/2025 12:00,high,48,756,17,1,1,0.7,1
23/03/2015,Oman,MALE,Light Vehicle,2016,White,Private,200000,18/09/2025 12:00,medium,41,757,9,0,1,0.06,1
03/11/2020,China,MALE,Light Vehicle,2014,Yellow,Private,100000,03/05/2026 12:00,high,39,758,11,0,1,0.72,0.99
06/12/2015,Iran,FEMALE,Light Vehicle,2013,White,Private,200000,03/06/2026 12:00,high,59,759,12,0,1,0.18,1
17/05/2017,Netherlands,MALE,Light Vehicle,2018,Gray,Private,160000,13/11/2025 12:00,low,59,760,7,1,1,0.25,0.97
22/03/2020,Pakistan,MALE,Light Vehicle,2021,White,Private,100000,19/09/2025 12:00,medium,63,761,4,0,0,0.41,0.01
19/02/2016,Emirates,MALE,Light Vehicle,2021,Black,Private,180000,17/08/2025 12:00,low,54,762,4,1,1,0.11,0.8
14/10/2020,Pakistan,FEMALE,Light Vehicle,2016,Black,Private,100000,13/04/2026 12:00,medium,53,763,9,0,1,0.48,0.74
15/11/2020,Syria,MALE,Light Vehicle,2015,Black,Private,100000,15/05/2026 12:00,low,36,764,10,1,1,0.45,0.92
07/08/2018,Palestine,MALE,Light Vehicle,2012,Black,Private,140000,03/02/2026 12:00,medium,58,765,13,0,1,0.26,1
18/01/2015,Pakistan,MALE,Light Vehicle,2015,Silver,Private,200000,16/07/2025 12:00,medium,37,766,10,0,1,0.06,1
04/01/2017,Germany,MALE,Light Vehicle,2015,Red,Private,160000,03/07/2025 12:00,medium,57,767,10,0,1,0.21,1
07/05/2019,Algeria,MALE,Light Vehicle,2018,Black,Private,120000,03/11/2025 12:00,medium,40,768,7,0,0,0.37,0.6
27/11/2021,Egypt,FEMALE,Light Vehicle,2014,Black,Private,80000,27/05/2026 12:00,low,41,769,11,1,1,0.69,0.9
17/06/2019,India,MALE,Light Vehicle,2015,Silver,Private,120000,14/12/2025 12:00,low,42,770,10,1,1,0.44,0.97
13/11/2016,Egypt,MALE,Light Vehicle,2020,Blue,Private,180000,12/05/2026 12:00,medium,42,771,5,0,1,0.12,0.89
23/06/2019,Belarus,FEMALE,Light Vehicle,2017,Blue,Private,120000,20/12/2025 12:00,medium,37,772,8,0,1,0.38,0.81
04/11/2018,India,MALE,Light Vehicle,2015,Black,Private,140000,03/05/2026 12:00,low,53,773,10,1,1,0.34,0.99
01/07/2020,India,MALE,Light Vehicle,2021,Red,Private,100000,29/12/2025 12:00,medium,31,774,4,0,0,0.4,0.03
24/10/2015,India,FEMALE,Light Vehicle,2021,Gray,Private,200000,21/04/2026 12:00,medium,38,775,4,0,1,0.07,0.91
09/05/2020,Egypt,MALE,Light Vehicle,2014,White,Private,100000,06/11/2025 12:00,medium,46,776,11,0,1,0.5,0.96
06/11/2018,Tunisia,MALE,Light Vehicle,2016,Silver,Private,140000,05/05/2026 12:00,high,34,777,9,0,1,0.29,0.98
20/10/2021,Armenia,MALE,Light Vehicle,2009,Silver,Private,80000,19/04/2026 12:00,low,38,778,16,1,1,0.69,1
05/06/2017,Emirates,MALE,Trailer,2021,Silver,Private,160000,02/12/2025 12:00,medium,53,779,4,0,1,0.36,0.73
19/06/2019,United Kingdom,FEMALE,Light Vehicle,2017,Blue,Private,120000,16/12/2025 12:00,high,39,780,8,0,1,0.4,0.93
27/07/2021,Iran,MALE,Light Vehicle,2017,Black,Private,80000,24/01/2026 12:00,medium,39,781,8,1,1,0.54,0.34
12/10/2015,Egypt,FEMALE,Light Vehicle,2011,White,Private,200000,09/04/2026 12:00,high,36,782,14,0,1,0.11,1
10/08/2021,Nigeria,MALE,Light Vehicle,2015,Brown,Private,80000,07/02/2026 12:00,high,39,783,10,1,1,0.61,0.88
13/11/2019,Sudan,MALE,Light Vehicle,2011,White,Private,120000,12/05/2026 12:00,low,32,784,14,1,1,0.33,1
07/07/2015,Pakistan,MALE,Light Vehicle,2007,White,Private,200000,02/01/2026 12:00,high,38,785,18,0,1,0.12,1
11/02/2017,India,MALE,Light Vehicle,2014,Red,Private,160000,10/08/2025 12:00,medium,45,786,11,0,1,0.15,1
20/12/2019,Emirates,MALE,Light Vehicle,2021,White,Private,120000,18/06/2026 12:00,high,56,787,4,0,0,0.55,0.16
06/07/2015,Emirates,MALE,Trailer,2021,Silver,Private,200000,01/01/2026 12:00,medium,53,788,4,0,1,0.18,0.97
30/01/2019,India,MALE,Light Vehicle,2021,White,Private,120000,29/07/2025 12:00,high,43,789,4,0,0,0.47,0.11
16/06/2017,Emirates,MALE,Light Vehicle,2021,White,Private,160000,13/12/2025 12:00,low,41,790,4,1,1,0.22,0.52
18/05/2019,India,MALE,Light Vehicle,2015,White,Private,120000,14/11/2025 12:00,medium,42,791,10,0,1,0.27,0.96
07/05/2015,Jordan,MALE,Light Vehicle,2020,Brown,Private,200000,02/11/2025 12:00,high,47,792,5,0,1,0.13,0.97
09/02/2021,India,MALE,Light Vehicle,2016,Silver,Private,80000,09/08/2025 12:00,high,63,793,9,1,1,0.78,0.65
13/11/2021,Jordan,MALE,Light Vehicle,2013,Red,Private,80000,13/05/2026 12:00,medium,41,794,12,1,1,0.65,0.95
04/11/2021,Philippines,FEMALE,Motor Cycle,2014,Black,Private,80000,04/05/2026 12:00,low,41,795,11,1,1,0.73,0.88
08/04/2020,Emirates,MALE,Light Vehicle,2006,White,Private,100000,06/10/2025 12:00,low,32,796,19,1,1,0.48,1
08/12/2015,Belgium,FEMALE,Light Vehicle,2020,Gray,Private,200000,05/06/2026 12:00,medium,39,797,5,0,1,0.08,0.98
02/05/2020,Nigeria,MALE,Light Vehicle,2015,Brown,Private,100000,30/10/2025 12:00,medium,39,798,10,0,1,0.34,0.9
10/03/2015,Indonesia,MALE,Light Vehicle,2019,Gray,Private,200000,05/09/2025 12:00,medium,48,799,6,0,1,0.06,0.99
03/03/2015,Egypt,MALE,Light Vehicle,2006,White,Private,200000,29/08/2025 12:00,high,36,800,19,0,1,0.13,1
15/04/2017,Egypt,MALE,Light Vehicle,2015,White,Private,160000,12/10/2025 12:00,high,33,801,10,0,1,0.28,1
16/06/2018,Philippines,FEMALE,Motor Cycle,2014,Black,Private,140000,13/12/2025 12:00,low,41,802,11,1,1,0.4,1
04/06/2020,Syria,MALE,Light Vehicle,2008,Yellow,Private,100000,02/12/2025 12:00,high,41,803,17,0,1,0.54,1
05/11/2019,India,MALE,Light Vehicle,2003,Black,Private,120000,04/05/2026 12:00,high,49,804,22,0,1,0.58,1
17/02/2018,Nigeria,MALE,Light Vehicle,2015,Brown,Private,140000,16/08/2025 12:00,high,39,805,10,0,1,0.28,1
09/12/2016,Emirates,MALE,Light Vehicle,2017,Black,Private,180000,07/06/2026 12:00,medium,43,806,8,0,1,0.09,1
26/12/2021,Pakistan,MALE,Light Vehicle,2010,White,Private,80000,25/06/2026 12:00,medium,52,807,15,1,1,0.56,1
27/12/2017,South Africa,MALE,Light Vehicle,2015,Black,Private,160000,25/06/2026 12:00,high,28,808,10,0,1,0.2,1
05/03/2018,Greece,MALE,Light Vehicle,2015,White,Private,140000,01/09/2025 12:00,medium,38,809,10,0,1,0.29,1
27/02/2016,Emirates,MALE,Light Vehicle,2021,Blue,Private,180000,25/08/2025 12:00,low,33,810,4,1,1,0.16,0.8
11/08/2020,India,FEMALE,Light Vehicle,2017,Silver,Private,100000,08/02/2026 12:00,high,47,811,8,0,1,0.66,0.62
24/11/2019,United Kingdom,MALE,Light Vehicle,2020,Gray,Private,120000,23/05/2026 12:00,medium,49,812,5,0,0,0.25,0.3
04/08/2016,Lebanon,MALE,Light Vehicle,2016,Silver,Private,180000,31/01/2026 12:00,low,41,813,9,1,1,0.15,1
17/08/2015,Emirates,MALE,Light Vehicle,2013,White,Private,200000,12/02/2026 12:00,low,47,814,12,1,1,0.12,1
30/10/2019,United States,FEMALE,Trailer,2016,White,Private,120000,28/04/2026 12:00,low,58,815,9,1,1,0.65,0.95
19/08/2019,Pakistan,MALE,Light Vehicle,2019,Silver,Private,120000,15/02/2026 12:00,high,41,816,6,0,0,0.45,0.62
08/12/2016,Italy,MALE,Light Vehicle,2007,Red,Private,180000,06/06/2026 12:00,medium,41,817,18,0,1,0.1,1
17/09/2021,India,MALE,Light Vehicle,2021,Blue,Private,80000,17/03/2026 12:00,medium,49,818,4,1,0,0.58,0.01
24/01/2016,Egypt,MALE,Light Vehicle,2015,White,Private,180000,22/07/2025 12:00,low,71,819,10,1,1,0.17,1
11/01/2018,India,MALE,Light Vehicle,2014,Beige,Private,140000,10/07/2025 12:00,medium,54,820,11,0,1,0.21,1
28/08/2021,Italy,MALE,Light Vehicle,2021,White,Private,80000,25/02/2026 12:00,medium,40,821,4,1,0,0.52,0.02
15/12/2017,China,MALE,Light Vehicle,2015,Gray,Private,160000,13/06/2026 12:00,medium,40,822,10,0,1,0.13,1
06/07/2019,Syria,MALE,Light Vehicle,2003,Blue,Private,120000,02/01/2026 12:00,medium,48,823,22,0,1,0.33,1
04/11/2017,Pakistan,MALE,Light Vehicle,2004,White,Private,160000,03/05/2026 12:00,high,35,824,21,0,1,0.2,1
10/12/2016,Bangladesh,MALE,Light Vehicle,2003,Maroon,Private,180000,08/06/2026 12:00,medium,46,825,22,0,1,0.13,1
02/12/2021,Palestine,FEMALE,Light Vehicle,2021,Black,Private,80000,01/06/2026 12:00,high,38,826,4,1,0,0.64,0.01
26/11/2017,United Kingdom,MALE,Light Vehicle,2021,Black,Private,160000,25/05/2026 12:00,medium,35,827,4,0,1,0.09,0.68
13/04/2021,Pakistan,MALE,Light Vehicle,2009,Black,Private,80000,11/10/2025 12:00,low,32,828,16,1,1,0.58,1
29/08/2016,Egypt,FEMALE,Light Vehicle,2021,White,Private,180000,25/02/2026 12:00,medium,39,829,4,0,1,0.12,0.76
13/07/2016,India,MALE,Light Vehicle,2008,Blue,Private,180000,09/01/2026 12:00,low,50,830,17,1,1,0.14,1
28/03/2015,Burundi,MALE,Light Vehicle,2013,Maroon,Private,200000,23/09/2025 12:00,high,46,831,12,0,1,0.18,1
11/08/2019,Philippines,FEMALE,Light Vehicle,2014,Lead,Private,120000,07/02/2026 12:00,medium,46,832,11,0,1,0.37,0.98
18/08/2017,Kenya,MALE,Light Vehicle,2008,Silver,Private,160000,14/02/2026 12:00,high,48,833,17,0,1,0.26,1
20/01/2021,Yemen,MALE,Trailer,2021,Silver,Private,80000,20/07/2025 12:00,medium,44,834,4,1,0,0.7,0.02
04/05/2018,France,MALE,Light Vehicle,2021,Gray,Private,140000,31/10/2025 12:00,medium,53,835,4,0,0,0.26,0.28
03/11/2021,Syria,MALE,Light Vehicle,2014,White,Private,80000,03/05/2026 12:00,medium,25,836,11,1,1,0.42,0.9
28/04/2016,France,MALE,Light Vehicle,2013,Blue,Private,180000,25/10/2025 12:00,medium,45,837,12,0,1,0.12,1
01/02/2021,Emirates,MALE,Light Vehicle,1971,Silver,Private,80000,01/08/2025 12:00,medium,57,838,54,1,1,0.68,1
22/06/2020,Syria,FEMALE,Light Vehicle,2020,Red,Private,100000,20/12/2025 12:00,medium,46,839,5,0,0,0.42,0.07
06/06/2020,Philippines,FEMALE,Motor Cycle,2014,Black,Private,100000,04/12/2025 12:00,medium,41,840,11,0,1,0.53,0.98
08/12/2020,Pakistan,MALE,Light Vehicle,2010,White,Private,100000,07/06/2026 12:00,medium,52,841,15,0,1,0.44,1
09/05/2020,India,MALE,Light Vehicle,2020,Silver,Private,100000,06/11/2025 12:00,high,33,842,5,0,0,0.57,0.1
01/06/2019,South Africa,MALE,Light Vehicle,2015,Black,Private,120000,28/11/2025 12:00,high,28,843,10,0,1,0.39,0.99
10/12/2015,Egypt,MALE,Light Vehicle,2014,White,Private,200000,07/06/2026 12:00,low,41,844,11,1,1,0.09,1
01/04/2015,India,FEMALE,Light Vehicle,2014,White,Private,200000,27/09/2025 12:00,medium,51,845,11,0,1,0.07,1
26/06/2021,India,MALE,Light Vehicle,2018,White,Private,80000,24/12/2025 12:00,high,43,846,7,1,0,0.73,0.17
06/05/2019,Emirates,FEMALE,Light Vehicle,2021,Silver,Private,120000,02/11/2025 12:00,medium,68,847,4,0,0,0.42,0.12
16/08/2020,India,MALE,Light Vehicle,2015,Silver,Private,100000,13/02/2026 12:00,high,42,848,10,0,1,0.62,0.96
27/05/2018,Emirates,MALE,Light Vehicle,2004,Blue,Private,140000,23/11/2025 12:00,high,33,849,21,0,1,0.37,1
15/11/2015,Greece,MALE,Light Vehicle,2017,Blue,Private,200000,13/05/2026 12:00,medium,48,850,8,0,1,0.09,1
29/11/2015,Pakistan,MALE,Light Vehicle,2009,Maroon,Private,200000,27/05/2026 12:00,low,30,851,16,1,1,0.08,1
09/11/2019,Egypt,MALE,Light Vehicle,2015,White,Private,120000,08/05/2026 12:00,high,33,852,10,0,1,0.5,0.98
05/01/2018,South Africa,MALE,Light Vehicle,2015,Black,Private,140000,04/07/2025 12:00,high,28,853,10,0,1,0.29,1
09/06/2016,Pakistan,MALE,Light Vehicle,1999,Gray,Private,180000,06/12/2025 12:00,low,35,854,26,1,1,0.12,1
24/06/2018,India,MALE,Light Vehicle,2021,Silver,Private,140000,21/12/2025 12:00,medium,46,855,4,0,0,0.25,0.34
27/06/2015,India,MALE,Light Vehicle,2014,Beige,Private,200000,23/12/2025 12:00,medium,54,856,11,0,1,0.06,1
30/01/2019,Philippines,FEMALE,Light Vehicle,2020,White,Private,120000,29/07/2025 12:00,high,37,857,5,0,0,0.47,0.27
30/11/2016,Lebanon,MALE,Light Vehicle,2020,Black,Private,180000,29/05/2026 12:00,medium,48,858,5,0,1,0.11,0.87
19/08/2020,Egypt,MALE,Light Vehicle,2006,White,Private,100000,16/02/2026 12:00,high,36,859,19,0,1,0.61,1
09/03/2017,Emirates,MALE,Light Vehicle,2015,White,Private,160000,05/09/2025 12:00,low,51,860,10,1,1,0.24,1
15/03/2018,Kenya,MALE,Light Vehicle,2008,Silver,Private,140000,11/09/2025 12:00,high,48,861,17,0,1,0.36,1
02/02/2015,Egypt,MALE,Light Vehicle,2009,Blue,Private,200000,31/07/2025 12:00,medium,37,862,16,0,1,0.08,1
20/07/2015,Egypt,MALE,Light Vehicle,2005,Blue,Private,200000,15/01/2026 12:00,medium,25,863,20,0,1,0.07,1
23/10/2017,Emirates,MALE,Light Vehicle,1990,Lead,Private,160000,21/04/2026 12:00,medium,44,864,35,0,1,0.23,1
23/05/2018,Algeria,MALE,Light Vehicle,2014,White,Private,140000,19/11/2025 12:00,high,33,865,11,0,1,0.42,1
21/03/2019,Emirates,MALE,Light Vehicle,2021,Black,Private,120000,17/09/2025 12:00,high,50,866,4,0,0,0.58,0.2
17/01/2017,India,MALE,Light Vehicle,2021,White,Private,160000,16/07/2025 12:00,high,41,867,4,0,1,0.25,0.74
26/11/2019,Jordan,MALE,Light Vehicle,2017,Black,Private,120000,25/05/2026 12:00,high,30,868,8,0,1,0.45,0.88
08/01/2021,Syria,MALE,Light Vehicle,2019,Black,Private,80000,08/07/2025 12:00,low,38,869,6,1,0,0.48,0.06
01/07/2020,Tanzania,MALE,Light Vehicle,2021,Blue,Private,100000,29/12/2025 12:00,medium,69,870,4,0,0,0.38,0.01
20/04/2015,Sudan,MALE,Light Vehicle,2013,White,Private,200000,16/10/2025 12:00,medium,32,871,12,0,1,0.05,1
24/05/2018,Egypt,MALE,Light Vehicle,2005,Golden,Private,140000,20/11/2025 12:00,high,44,872,20,0,1,0.38,1
18/10/2015,Syria,MALE,Light Vehicle,2003,Blue,Private,200000,15/04/2026 12:00,medium,48,873,22,0,1,0.07,1
02/10/2016,Pakistan,MALE,Light Vehicle,2019,White,Private,180000,31/03/2026 12:00,medium,33,874,6,0,1,0.11,0.96
07/12/2021,Pakistan,MALE,Light Vehicle,2004,White,Private,80000,06/06/2026 12:00,medium,34,875,21,1,1,0.51,1
31/12/2015,France,MALE,Light Vehicle,2018,White,Private,200000,28/06/2026 12:00,high,43,876,7,0,1,0.15,1
14/07/2018,Lebanon,FEMALE,Light Vehicle,2021,Gray,Private,140000,10/01/2026 12:00,low,33,877,4,1,0,0.27,0.31
10/05/2019,Syria,MALE,Light Vehicle,2016,White,Private,120000,06/11/2025 12:00,high,33,878,9,0,1,0.39,0.98
10/12/2019,Emirates,MALE,Light Vehicle,2015,Beige,Private,120000,08/06/2026 12:00,medium,34,879,10,0,1,0.26,0.96
10/12/2018,Emirates,MALE,Light Vehicle,2020,White,Private,140000,08/06/2026 12:00,low,45,880,5,1,0,0.33,0.64
28/01/2015,India,FEMALE,Light Vehicle,2021,Gray,Private,200000,26/07/2025 12:00,medium,38,881,4,0,1,0.07,0.91
23/04/2017,Germany,MALE,Light Vehicle,2015,Red,Private,160000,20/10/2025 12:00,medium,57,882,10,0,1,0.21,1
04/09/2018,France,MALE,Light Vehicle,1968,Red,Private,140000,03/03/2026 12:00,medium,40,883,57,0,1,0.31,1
01/09/2015,Emirates,MALE,Light Vehicle,2014,Blue,Private,200000,27/02/2026 12:00,low,36,884,11,1,1,0.1,1
29/06/2017,Palestine,MALE,Motor Cycle,2020,Black,Private,160000,26/12/2025 12:00,high,42,885,5,0,1,0.34,0.76
02/04/2015,Mauritius,FEMALE,Light Vehicle,2012,Brown,Private,200000,28/09/2025 12:00,medium,41,886,13,0,1,0.07,1
06/08/2015,Emirates,MALE,Light Vehicle,1971,Silver,Private,200000,01/02/2026 12:00,medium,57,887,54,0,1,0.11,1
03/11/2017,Egypt,MALE,Light Vehicle,2015,White,Private,160000,02/05/2026 12:00,high,33,888,10,0,1,0.28,1
13/12/2015,Sudan,MALE,Light Vehicle,2011,Black,Private,200000,10/06/2026 12:00,low,54,889,14,1,1,0.1,1
24/12/2018,Iran,MALE,Light Vehicle,2016,Blue,Private,140000,22/06/2026 12:00,low,58,890,9,1,1,0.38,0.97
16/11/2019,Emirates,MALE,Light Vehicle,2011,White,Private,120000,15/05/2026 12:00,high,40,891,14,0,1,0.43,1
27/08/2020,Palestine,MALE,Motor Cycle,2020,Black,Private,100000,24/02/2026 12:00,low,42,892,5,1,0,0.59,0.14
08/06/2016,Nigeria,MALE,Light Vehicle,2006,White,Private,180000,05/12/2025 12:00,high,55,893,19,0,1,0.23,1
09/03/2016,Emirates,MALE,Light Vehicle,2021,Blue,Private,180000,05/09/2025 12:00,low,33,894,4,1,1,0.16,0.8
17/10/2015,United States,FEMALE,Trailer,2016,White,Private,200000,14/04/2026 12:00,low,58,895,9,1,1,0.22,1
30/06/2019,Uzbekistan,MALE,Light Vehicle,2017,Silver,Private,120000,27/12/2025 12:00,medium,40,896,8,0,1,0.25,0.89
17/12/2019,Emirates,MALE,Light Vehicle,2021,Black,Private,120000,15/06/2026 12:00,low,31,897,4,1,0,0.44,0.13
29/03/2015,Egypt,MALE,Light Vehicle,2015,White,Private,200000,24/09/2025 12:00,high,33,898,10,0,1,0.13,1
07/08/2021,Emirates,MALE,Light Vehicle,2001,Black,Private,80000,04/02/2026 12:00,low,35,899,24,1,1,0.65,1
24/05/2015,Afghanistan,MALE,Light Vehicle,2006,Silver,Private,200000,19/11/2025 12:00,low,39,900,19,1,1,0.12,1
06/11/2018,Iraq,MALE,Light Vehicle,2021,White,Private,140000,05/05/2026 12:00,medium,37,901,4,0,0,0.17,0.21
22/12/2019,Pakistan,MALE,Light Vehicle,2012,White,Private,120000,20/06/2026 12:00,medium,48,902,13,0,1,0.31,1
08/02/2021,Emirates,MALE,Trailer,2014,Silver,Private,80000,08/08/2025 12:00,low,55,903,11,1,1,0.85,0.96
